sl_no,score_10th,puc_score,puc_stream,degree_branch,cgpa,internships,projects,aptitude_score,soft_skills_score,target_role,placed,salary_lpa
1,67.98,58.89,Science,ECE,7.96,2,1,60,42,Embedded Engineer,1,9.0
2,95.63,76.01,Science,EEE,8.96,3,2,99,91,Control Systems Engineer,1,11.7
3,85.14,91.9,Arts,BA,8.77,2,2,91,49,HR Assistant,1,10.55
4,78.74,85.15,Science,ECE,6.16,3,4,83,98,Software Developer,1,9.06
5,57.49,88.71,Science,AIDS,6.14,3,4,71,81,Business Analyst,1,9.03
6,57.49,81.62,Commerce,BBA,6.65,2,1,89,53,Business Analyst,1,7.3
7,52.79,83.23,Science,Mechanical,7.05,1,5,62,51,Mechanical Design Engineer,1,8.91
8,91.58,90.76,Commerce,B.Com,7.26,3,0,52,86,Tax Consultant,1,8.49
9,78.85,61.98,Science,ECE,8.42,2,3,44,81,Telecom Engineer,0,0.0
10,83.99,73.49,Science,CSE,5.74,0,0,43,69,Web Developer,0,0.0
11,50.99,60.62,Science,AIDS,5.65,2,1,67,71,Data Analyst,0,0.0
12,96.56,97.41,Science,AIML,7.19,0,1,53,71,Data Scientist,1,9.96
13,89.96,95.31,Arts,BA,8.5,3,0,47,81,Public Relations Executive,0,0.0
14,60.19,51.89,Science,AIML,6.33,2,3,48,71,Software Developer,1,7.88
15,58.73,83.87,Science,ECE,8.26,2,0,96,65,Telecom Engineer,1,8.89
16,58.8,94.41,Science,AIML,6.62,0,4,90,90,AI Engineer,1,9.8
17,64.6,58.67,Science,ECE,9.31,2,2,74,40,Software Developer,1,11.25
18,75.19,77.26,Commerce,B.Com,9.35,2,5,76,95,Accountant,1,12.8
19,70.73,93.94,Science,CSE,6.78,3,4,60,97,DevOps Engineer,1,9.86
20,63.98,51.63,Science,EEE,6.49,2,2,97,81,Control Systems Engineer,1,7.59
21,79.37,83.48,Arts,BA,7.27,1,5,57,41,HR Assistant,1,9.2
22,56.7,64.27,Science,AIML,6.53,0,5,72,56,AI Engineer,1,9.62
23,64.02,94.37,Arts,BBA,8.39,2,5,47,69,Marketing Specialist,0,0.0
24,67.59,96.61,Science,AIML,9.05,0,1,90,95,ML Engineer,1,11.31
25,71.89,95.32,Science,CSE,8.39,0,5,88,78,System Analyst,1,9.76
26,87.69,72.76,Science,AIML,9.04,0,3,56,46,ML Engineer,1,13.53
27,59.58,91.38,Commerce,CSE,7.21,2,0,82,91,System Analyst,1,7.52
28,74.68,90.54,Arts,BBA,6.17,2,3,70,66,Marketing Specialist,1,7.67
29,78.44,65.32,Science,ECE,8.67,0,0,73,48,Telecom Engineer,1,7.62
30,52.23,89.79,Science,ECE,7.05,1,4,45,61,VLSI Design Engineer,0,0.0
31,79.16,51.78,Science,CSE,8.39,0,4,61,73,System Analyst,1,9.26
32,58.19,78.62,Science,AIML,6.66,1,0,53,85,Data Scientist,0,0.0
33,53.12,61.04,Science,EEE,5.85,0,3,42,88,Power Systems Engineer,0,0.0
34,95.55,55.79,Arts,BA,9.77,3,0,51,40,HR Assistant,1,11.75
35,96.35,53.69,Science,AIML,6.17,0,5,75,48,ML Engineer,1,9.75
36,88.8,83.42,Science,AIML,9.75,0,1,51,59,Data Scientist,1,13.55
37,64.62,66.31,Science,AIML,9.7,2,4,84,92,Data Scientist,1,15.56
38,54.69,84.79,Science,Civil,8.91,1,1,41,58,CAD Drafter,0,0.0
39,82.84,53.14,Science,CSE,8.34,3,5,41,75,DevOps Engineer,0,0.0
40,71.13,65.13,Science,AIDS,7.98,1,5,54,99,Data Scientist,1,12.53
41,55.86,75.9,Commerce,B.Com,9.22,3,4,62,79,Financial Analyst,1,13.04
42,73.77,87.95,Science,Civil,6.74,0,4,68,84,Structural Engineer,1,7.11
43,51.65,65.3,Science,CSE,7.51,2,5,56,43,Software Developer,1,10.41
44,93.65,80.04,Science,AIML,8.16,2,2,71,48,AI Engineer,1,12.85
45,62.42,92.53,Commerce,BBA,7.27,1,1,46,80,Marketing Specialist,1,7.2
46,81.8,79.56,Commerce,BBA,7.34,2,1,69,61,HR Executive,1,8.19
47,64.96,61.18,Science,AIML,6.92,1,2,67,57,ML Engineer,1,10.38
48,74.96,51.17,Commerce,B.Com,7.93,1,3,53,51,Accountant,1,9.06
49,76.24,91.76,Science,AIML,9.16,3,1,83,81,Data Scientist,1,13.5
50,58.87,51.02,Science,AIML,6.37,1,0,69,82,ML Engineer,1,7.82
51,96.54,91.99,Science,CSE,9.52,3,5,56,78,DevOps Engineer,1,13.93
52,87.21,75.39,Science,AIDS,8.46,2,5,71,48,Data Scientist,1,14.11
53,95.1,95.08,Science,AIML,9.04,1,2,85,45,AI Engineer,1,12.29
54,92.95,88.34,Arts,BA,7.89,1,1,45,58,Public Relations Executive,0,0.0
55,78.7,97.9,Commerce,BBA,8.85,0,3,90,87,HR Executive,1,9.36
56,94.25,66.83,Science,Civil,5.57,1,1,63,86,Structural Engineer,0,0.0
57,54.25,86.83,Science,ECE,9.02,1,5,45,46,Embedded Engineer,0,0.0
58,59.41,69.29,Science,CSE,5.67,0,4,66,55,Software Developer,0,0.0
59,52.17,73.03,Science,CSE,9.33,0,0,57,44,DevOps Engineer,1,8.48
60,65.62,80.12,Science,Civil,9.77,2,2,63,55,CAD Drafter,1,11.85
61,68.66,91.94,Science,AIML,6.76,1,4,76,40,ML Engineer,1,10.89
62,63.02,97.24,Science,CSE,6.4,2,3,95,90,Software Developer,1,7.97
63,89.78,86.88,Commerce,B.Com,8.79,2,4,63,76,Accountant,1,11.58
64,67.12,70.05,Science,ECE,6.59,0,4,77,78,VLSI Design Engineer,1,6.92
65,63.48,70.23,Science,ECE,9.22,3,3,73,58,Embedded Engineer,1,12.54
66,76.05,85.4,Commerce,B.Com,5.94,2,4,79,93,Accountant,0,0.0
67,56.76,61.46,Science,CSE,6.04,3,2,86,76,System Analyst,1,7.9
68,88.51,55.3,Science,Civil,9.71,1,5,54,56,CAD Drafter,1,12.37
69,53.58,67.02,Science,AIML,8.4,0,1,50,65,ML Engineer,1,12.18
70,97.37,63.79,Science,ECE,9.14,1,4,61,61,Embedded Engineer,1,11.13
71,87.07,64.22,Commerce,BBA,6.89,1,2,93,47,Marketing Specialist,1,7.21
72,59.54,61.21,Science,ECE,8.41,0,1,63,72,Software Developer,1,7.78
73,50.27,52.02,Science,AIML,8.06,1,1,40,41,ML Engineer,0,0.0
74,89.14,50.86,Commerce,B.Com,8.09,0,4,57,69,Investment Banker,1,12.14
75,83.93,97.41,Commerce,B.Com,8.43,3,2,83,86,Accountant,1,11.01
76,84.99,70.53,Commerce,BBA,7.97,1,5,51,59,Marketing Specialist,1,10.11
77,87.02,68.45,Science,Mechanical,7.34,0,4,96,99,CAD Engineer,1,7.89
78,53.55,82.62,Science,CSE,6.69,2,3,82,57,Software Developer,1,8.35
79,67.21,60.48,Arts,BA,8.8,1,1,67,82,HR Assistant,1,9.19
80,55.56,95.6,Commerce,CSE,6.47,3,4,79,96,System Analyst,1,9.46
81,91.43,87.74,Science,ECE,8.48,0,1,99,49,Telecom Engineer,1,7.87
82,79.92,54.29,Science,Aerospace,6.5,1,2,46,63,Avionics Engineer,0,0.0
83,65.88,70.04,Science,CSE,8.19,1,0,62,95,System Analyst,1,7.9
84,53.05,92.2,Arts,BA,8.71,1,4,60,43,Public Relations Executive,1,10.57
85,64.93,95.35,Science,ECE,6.44,3,5,73,76,VLSI Design Engineer,1,9.92
86,65.61,72.44,Science,ECE,5.76,0,4,50,43,Telecom Engineer,0,0.0
87,85.02,79.44,Science,AIML,6.06,2,1,61,52,ML Engineer,1,10.1
88,80.6,58.02,Science,CSE,8.11,2,2,81,64,Web Developer,1,9.69
89,92.59,97.58,Commerce,B.Com,9.15,2,3,74,52,Financial Analyst,1,11.55
90,72.67,61.12,Science,AIML,5.69,0,5,91,57,ML Engineer,0,0.0
91,55.74,95.25,Commerce,B.Com,8.66,2,2,68,98,Financial Analyst,1,10.41
92,84.24,81.18,Arts,B.Com,6.97,3,4,81,63,Investment Banker,1,13.0
93,86.52,79.17,Science,AIML,7.56,0,3,67,41,AI Engineer,1,10.49
94,76.94,74.61,Science,EEE,9.49,1,2,98,87,Power Systems Engineer,1,10.59
95,87.01,61.07,Science,CSE,6.93,3,0,57,72,Software Developer,1,8.06
96,73.7,58.47,Commerce,BBA,7.5,1,5,53,97,Marketing Specialist,1,9.5
97,75.09,60.58,Science,Civil,5.56,2,1,57,58,Structural Engineer,0,0.0
98,70.52,58.95,Science,CSE,5.85,3,2,67,48,Web Developer,0,0.0
99,51.22,87.42,Commerce,B.Com,6.61,0,2,63,67,Financial Analyst,1,5.94
100,55.18,66.81,Science,AIML,5.62,3,0,47,74,ML Engineer,0,0.0
101,51.51,52.78,Arts,BA,8.21,1,4,81,96,Content Strategist,1,9.92
102,80.55,96.52,Science,ECE,7.33,0,5,93,78,Software Developer,1,8.38
103,65.09,92.42,Science,Mechanical,7.86,3,5,84,49,Mechanical Design Engineer,1,11.77
104,74.41,94.53,Science,AIML,6.25,3,1,92,40,AI Engineer,1,9.73
105,93.56,97.76,Commerce,B.Com,6.77,3,2,47,81,Tax Consultant,0,0.0
106,61.97,58.35,Science,AIML,8.35,3,3,43,60,AI Engineer,0,0.0
107,69.7,69.02,Commerce,BBA,9.65,0,2,66,48,HR Executive,1,9.9
108,86.27,86.4,Arts,BA,5.72,1,1,75,99,Content Strategist,1,5.19
109,60.98,83.41,Science,AIDS,9.33,3,2,44,86,Data Analyst,0,0.0
110,53.7,57.39,Arts,BBA,7.98,0,0,72,54,Business Analyst,1,6.72
111,63.91,89.16,Science,ECE,7.92,1,2,88,74,Software Developer,1,8.55
112,57.74,60.77,Science,CSE,7.65,3,2,73,96,System Analyst,1,10.0
113,94.63,60.74,Science,ECE,5.8,1,3,69,44,Embedded Engineer,0,0.0
114,88.79,75.77,Commerce,B.Com,5.89,1,0,47,80,Investment Banker,0,0.0
115,80.4,78.46,Science,CSE,8.08,0,0,78,97,Software Developer,1,6.85
116,91.83,77.84,Science,Aerospace,6.97,1,2,86,61,Avionics Engineer,1,7.31
117,88.58,54.39,Science,ECE,9.44,0,5,65,80,Embedded Engineer,1,11.12
118,58.96,92.12,Science,CSE,7.25,3,3,96,62,Software Developer,1,9.98
119,92.84,62.75,Science,CSE,6.12,1,2,76,46,Software Developer,1,6.21
120,75.89,56.22,Commerce,B.Com,8.57,1,2,73,95,Financial Analyst,1,9.39
121,88.76,92.66,Commerce,B.Com,6.76,2,1,46,62,Investment Banker,0,0.0
122,93.01,95.87,Science,CSE,7.76,3,1,79,83,Web Developer,1,9.64
123,65.26,91.38,Arts,BA,8.5,3,5,67,64,HR Assistant,1,12.6
124,55.28,88.86,Science,AIDS,9.37,2,3,78,66,ML Engineer,1,15.08
125,60.94,81.45,Arts,BBA,8.91,2,4,78,80,Business Analyst,1,11.73
126,70.5,76.44,Science,ECE,8.41,0,1,67,45,Software Developer,1,7.78
127,89.26,54.18,Science,ECE,8.42,0,4,53,94,Telecom Engineer,1,9.3
128,91.32,69.61,Science,CSE,9.57,1,0,92,73,DevOps Engineer,1,9.69
129,50.33,67.89,Commerce,CSE,6.77,1,1,89,48,Software Developer,1,6.55
130,74.52,62.47,Science,EEE,5.5,1,1,77,99,Control Systems Engineer,0,0.0
131,70.04,84.72,Science,EEE,6.67,1,3,43,88,Control Systems Engineer,1,7.42
132,60.66,73.8,Science,EEE,6.44,0,5,81,72,Power Systems Engineer,1,7.22
133,55.75,53.89,Science,Mechanical,8.35,3,4,57,90,Mechanical Design Engineer,1,11.9
134,66.21,60.57,Science,AIDS,8.22,1,1,83,99,Business Analyst,1,8.44
135,95.26,82.8,Commerce,B.Com,8.05,3,1,87,45,Accountant,1,10.02
136,65.51,53.65,Commerce,BBA,5.57,1,3,64,76,Business Analyst,0,0.0
137,74.9,90.86,Science,ECE,8.63,2,3,46,70,Embedded Engineer,0,0.0
138,83.74,73.77,Commerce,BBA,6.89,1,5,77,73,Business Analyst,1,8.71
139,67.45,73.07,Science,AIDS,8.36,1,4,67,80,Business Analyst,1,10.12
140,96.65,78.44,Commerce,B.Com,7.89,1,0,44,68,Investment Banker,0,0.0
141,96.2,89.58,Commerce,B.Com,6.97,0,5,42,97,Investment Banker,0,0.0
142,62.09,66.69,Science,Mechanical,6.08,2,0,83,53,CAD Engineer,1,6.05
143,73.87,82.54,Commerce,B.Com,5.91,1,2,70,75,Tax Consultant,0,0.0
144,64.44,77.16,Science,AIDS,9.08,1,1,86,75,ML Engineer,1,12.76
145,63.67,62.82,Science,AIML,9.45,3,4,81,92,AI Engineer,1,15.73
146,51.77,92.17,Commerce,B.Com,8.29,2,5,97,54,Accountant,1,11.43
147,79.26,88.28,Science,Aerospace,5.94,1,1,59,47,Aerospace Engineer,0,0.0
148,74.13,81.61,Science,ECE,7.23,3,4,58,65,VLSI Design Engineer,1,10.45
149,52.47,90.83,Science,EEE,8.63,3,4,87,75,Power Systems Engineer,1,12.27
150,63.38,91.63,Commerce,B.Com,8.85,0,4,99,87,Accountant,1,9.86
151,93.6,84.0,Science,ECE,6.01,3,1,50,60,VLSI Design Engineer,1,7.36
152,61.5,90.18,Science,CSE,5.5,1,5,79,67,DevOps Engineer,0,0.0
153,56.95,83.48,Commerce,BBA,8.56,0,3,42,43,Business Analyst,0,0.0
154,73.49,82.65,Commerce,B.Com,7.03,0,1,62,55,Investment Banker,1,9.9
155,97.31,79.69,Science,AIML,6.59,1,4,46,61,Data Scientist,1,11.05
156,61.62,86.13,Science,ECE,5.56,2,5,62,51,Software Developer,1,7.88
157,82.26,57.61,Science,Mechanical,7.82,3,2,46,55,CAD Engineer,0,0.0
158,86.56,92.28,Science,CSE,9.16,0,0,85,90,System Analyst,1,8.26
159,61.41,91.85,Science,EEE,9.62,2,4,73,79,Power Systems Engineer,1,12.66
160,84.95,51.4,Commerce,B.Com,7.93,1,2,81,77,Investment Banker,1,11.41
161,67.65,89.64,Science,AIML,7.71,3,3,58,81,ML Engineer,1,12.94
162,80.35,56.19,Science,CSE,5.87,3,4,97,76,System Analyst,0,0.0
163,80.41,66.09,Science,AIML,7.86,0,2,48,68,ML Engineer,1,10.95
164,75.72,85.69,Commerce,B.Com,7.13,3,4,87,57,Accountant,1,10.32
165,54.33,57.72,Science,CSE,8.11,3,1,90,49,Software Developer,1,10.09
166,90.09,89.26,Arts,BA,7.17,3,5,57,81,Content Strategist,1,10.87
167,65.4,89.94,Science,Mechanical,6.53,3,2,80,78,CAD Engineer,1,8.54
168,58.95,74.36,Science,CSE,5.91,1,5,87,57,System Analyst,0,0.0
169,51.96,50.31,Science,EEE,6.85,2,1,84,40,Power Systems Engineer,1,7.56
170,78.36,63.78,Science,AIML,5.92,1,1,81,78,ML Engineer,0,0.0
171,82.52,79.61,Science,ECE,6.26,1,5,64,60,Embedded Engineer,1,7.89
172,50.8,97.1,Science,AIML,9.75,0,2,91,40,Software Developer,1,10.02
173,74.58,80.33,Science,CSE,7.41,3,5,53,54,Software Developer,1,11.18
174,60.87,62.47,Commerce,B.Com,7.79,1,5,83,43,Tax Consultant,1,9.88
175,80.97,80.43,Science,CSE,9.26,3,0,64,99,Web Developer,1,11.09
176,58.37,75.92,Commerce,B.Com,9.78,1,2,58,59,Tax Consultant,1,10.96
177,83.17,87.43,Science,ECE,8.01,1,0,78,49,Software Developer,1,7.66
178,68.56,55.14,Science,Aerospace,8.99,0,4,94,62,Avionics Engineer,1,10.04
179,94.96,86.53,Science,EEE,6.91,2,5,54,80,Control Systems Engineer,1,9.63
180,56.6,75.98,Science,ECE,6.81,2,4,55,73,Embedded Engineer,1,9.0
181,66.37,96.22,Science,CSE,7.23,1,2,66,99,Web Developer,1,7.65
182,55.45,66.41,Science,AIML,8.39,0,5,79,85,Data Scientist,1,13.64
183,94.39,80.37,Science,AIML,8.43,3,4,49,87,Data Scientist,1,14.71
184,92.11,94.74,Science,CSE,6.86,3,3,43,72,System Analyst,0,0.0
185,62.38,54.92,Science,AIDS,6.07,1,1,90,73,Data Scientist,1,8.19
186,81.68,94.99,Arts,BA,8.22,2,5,58,78,Public Relations Executive,1,11.34
187,89.23,83.02,Commerce,B.Com,6.05,0,1,67,49,Investment Banker,0,0.0
188,76.65,53.26,Commerce,B.Com,7.99,2,0,60,93,Investment Banker,1,11.84
189,75.42,64.45,Commerce,BBA,8.48,3,4,98,59,Business Analyst,1,12.07
190,61.61,83.99,Science,EEE,8.51,2,0,86,40,Electrical Design Engineer,1,9.21
191,54.47,53.23,Science,AIML,8.74,3,5,53,52,AI Engineer,1,15.3
192,93.07,77.94,Arts,B.Com,9.25,0,1,72,40,Tax Consultant,1,8.88
193,93.22,66.6,Science,Civil,7.65,0,1,87,44,Structural Engineer,1,6.8
194,80.39,79.8,Science,AIML,8.64,1,4,49,55,AI Engineer,1,14.15
195,66.27,52.2,Science,AIML,8.16,1,5,58,54,ML Engineer,1,13.87
196,66.76,91.83,Science,AIDS,6.3,2,3,69,88,Data Analyst,1,7.84
197,84.85,96.73,Science,Mechanical,5.61,0,3,61,67,CAD Engineer,1,5.14
198,93.06,96.51,Commerce,BBA,6.72,0,4,42,70,Marketing Specialist,0,0.0
199,92.58,85.98,Science,CSE,7.41,1,5,76,62,System Analyst,1,9.38
200,87.43,56.24,Science,AIML,8.15,3,4,80,87,Data Scientist,1,13.86
201,80.82,86.4,Arts,BA,9.15,2,5,57,84,Public Relations Executive,1,12.55
202,54.04,51.18,Science,AIDS,6.34,2,0,50,82,Data Analyst,1,6.39
203,57.76,51.06,Science,CSE,6.04,1,4,87,56,DevOps Engineer,1,7.1
204,93.13,65.53,Science,Aerospace,9.64,0,5,41,88,Structural Analyst,1,11.38
205,79.11,73.45,Commerce,BBA,5.96,1,3,51,73,HR Executive,0,0.0
206,50.44,86.98,Arts,BBA,7.56,1,5,93,52,HR Executive,1,9.58
207,54.87,82.8,Science,Aerospace,8.02,1,5,45,53,Structural Analyst,0,0.0
208,81.85,71.4,Commerce,BBA,7.83,1,4,82,50,Marketing Specialist,1,9.43
209,50.24,63.13,Science,AIML,5.87,3,0,98,67,AI Engineer,0,0.0
210,57.72,97.86,Arts,BBA,5.75,3,0,79,81,Business Analyst,0,0.0
211,76.34,70.46,Commerce,B.Com,5.95,0,0,83,71,Tax Consultant,0,0.0
212,83.21,71.67,Commerce,BBA,8.02,1,0,68,74,HR Executive,1,7.68
213,81.29,57.85,Science,CSE,7.84,3,2,98,98,DevOps Engineer,1,10.24
214,60.76,88.15,Arts,BBA,6.51,0,4,69,70,Business Analyst,1,6.81
215,84.18,83.3,Commerce,B.Com,8.24,1,1,41,56,Accountant,0,0.0
216,61.39,60.6,Science,CSE,9.03,2,4,48,86,Web Developer,1,11.89
217,65.62,53.95,Commerce,B.Com,5.68,3,2,86,48,Financial Analyst,0,0.0
218,85.83,82.66,Science,CSE,7.64,0,0,41,49,DevOps Engineer,0,0.0
219,81.18,81.42,Commerce,BBA,8.46,2,2,68,47,Marketing Specialist,1,10.15
220,90.76,63.12,Science,ECE,6.58,1,3,72,60,Software Developer,1,7.3
221,81.57,95.64,Commerce,B.Com,6.82,1,3,49,52,Financial Analyst,1,7.62
222,77.28,57.25,Science,CSE,8.14,1,4,73,98,Web Developer,1,9.83
223,54.5,70.75,Science,CSE,9.36,3,4,83,89,Software Developer,1,13.22
224,67.65,95.29,Science,CSE,8.98,0,1,94,44,DevOps Engineer,1,8.52
225,62.73,70.15,Science,CSE,8.01,2,1,47,45,System Analyst,0,0.0
226,61.71,80.65,Science,Aerospace,8.64,0,3,76,69,Aerospace Engineer,1,9.08
227,96.7,69.08,Science,CSE,7.07,3,0,93,70,Web Developer,1,8.24
228,68.87,63.16,Science,AIML,8.26,0,2,99,56,AI Engineer,1,10.18
229,92.82,97.23,Science,CSE,7.5,3,1,72,50,System Analyst,1,9.3
230,80.29,69.65,Science,CSE,6.32,1,5,86,59,DevOps Engineer,1,7.97
231,88.15,92.92,Commerce,B.Com,8.52,2,1,45,87,Accountant,0,0.0
232,74.13,61.04,Science,ECE,7.89,1,0,83,48,Embedded Engineer,1,7.51
233,77.69,60.23,Arts,BA,7.04,0,0,79,41,Content Strategist,0,0.0
234,73.64,51.49,Commerce,B.Com,9.42,1,4,84,76,Accountant,1,11.5
235,59.37,81.28,Science,AIML,5.59,2,2,58,40,ML Engineer,0,0.0
236,84.68,67.69,Science,CSE,6.86,1,0,71,43,DevOps Engineer,1,6.17
237,63.48,91.49,Commerce,B.Com,5.74,2,1,66,75,Accountant,0,0.0
238,51.17,72.71,Science,Civil,8.8,2,1,40,93,CAD Drafter,0,0.0
239,80.98,96.47,Science,ECE,8.52,1,3,82,97,Telecom Engineer,1,9.83
240,58.5,58.91,Science,AIDS,6.92,3,0,91,64,Business Analyst,1,8.05
241,95.14,91.69,Commerce,B.Com,8.41,0,5,72,42,Financial Analyst,1,9.78
242,95.79,87.28,Science,AIML,7.2,3,4,79,48,Software Developer,1,10.41
243,93.91,87.0,Science,AIDS,8.75,3,2,71,61,Business Analyst,1,11.42
244,67.77,90.55,Arts,BBA,7.45,1,5,44,62,Marketing Specialist,0,0.0
245,50.74,86.53,Commerce,BBA,7.27,0,4,56,51,Business Analyst,1,7.8
246,94.56,80.06,Science,CSE,9.52,0,1,47,49,Web Developer,0,0.0
247,70.55,56.3,Science,AIDS,6.58,3,5,96,73,Data Analyst,1,10.1
248,96.4,51.56,Commerce,B.Com,6.02,1,4,81,82,Investment Banker,1,10.63
249,96.25,94.2,Science,Aerospace,8.01,0,1,73,49,Avionics Engineer,1,7.26
250,90.94,79.6,Science,ECE,9.67,3,1,48,69,Embedded Engineer,1,12.12
251,64.13,88.23,Science,AIDS,7.12,0,1,95,61,Data Analyst,1,6.11
252,68.48,73.11,Arts,BA,5.77,1,1,62,45,Content Strategist,0,0.0
253,90.85,55.63,Science,ECE,6.96,1,1,74,89,Embedded Engineer,1,6.8
254,65.21,56.01,Commerce,B.Com,7.68,1,3,89,41,Tax Consultant,1,8.73
255,58.14,82.91,Commerce,B.Com,6.2,0,5,46,69,Financial Analyst,0,0.0
256,76.73,70.65,Science,CSE,8.33,2,4,54,41,System Analyst,1,10.98
257,94.94,59.63,Science,ECE,9.79,0,3,92,71,Telecom Engineer,1,10.58
258,83.41,73.6,Science,CSE,7.44,2,3,93,81,DevOps Engineer,1,9.32
259,77.36,53.08,Science,AIML,7.03,1,0,59,55,ML Engineer,0,0.0
260,54.66,77.93,Science,Aerospace,7.22,3,0,89,51,Avionics Engineer,1,8.44
261,79.52,62.91,Commerce,B.Com,6.0,2,0,64,40,Investment Banker,0,0.0
262,97.52,88.28,Science,AIDS,9.3,1,2,42,92,Business Analyst,0,0.0
263,56.72,64.9,Commerce,B.Com,7.28,1,0,99,47,Tax Consultant,1,6.71
264,74.88,71.85,Science,CSE,7.17,2,4,94,87,Web Developer,1,9.47
265,92.11,50.56,Science,EEE,8.34,3,3,85,89,Control Systems Engineer,1,11.39
266,85.56,53.48,Science,CSE,7.4,1,4,63,52,Software Developer,1,8.87
267,83.46,68.84,Science,AIDS,8.29,2,5,73,54,Data Analyst,1,11.43
268,83.72,73.04,Commerce,B.Com,5.76,3,0,85,92,Financial Analyst,0,0.0
269,67.26,78.8,Science,ECE,9.0,3,2,61,83,Software Developer,1,11.75
270,64.09,64.0,Science,ECE,9.54,1,5,50,47,Telecom Engineer,1,12.15
271,88.85,83.36,Science,AIML,8.29,0,2,87,49,Data Scientist,1,10.86
272,88.89,91.29,Science,CSE,9.6,0,5,47,85,Web Developer,0,0.0
273,91.62,87.43,Science,ECE,6.15,1,3,78,44,Telecom Engineer,1,6.75
274,93.84,51.9,Science,AIDS,7.55,3,4,82,89,Data Analyst,1,10.86
275,74.54,73.06,Arts,BBA,8.09,1,1,74,58,Marketing Specialist,1,8.27
276,74.07,55.04,Science,EEE,8.0,2,4,88,86,Electrical Design Engineer,1,10.55
277,88.32,61.62,Commerce,BBA,7.23,0,0,85,77,Business Analyst,1,5.75
278,81.2,97.36,Science,AIDS,6.95,2,1,77,98,ML Engineer,1,9.9
279,83.69,56.84,Science,AIML,6.05,1,2,47,50,AI Engineer,0,0.0
280,88.2,73.95,Science,EEE,7.18,1,3,93,92,Control Systems Engineer,1,8.08
281,92.72,79.67,Science,AIDS,6.2,3,3,76,82,Business Analyst,1,8.61
282,66.22,83.72,Science,CSE,8.66,3,2,66,59,Web Developer,1,11.31
283,68.03,76.86,Science,Aerospace,6.4,3,0,67,59,Avionics Engineer,1,7.37
284,54.51,50.47,Science,Aerospace,5.75,2,2,79,60,Aerospace Engineer,0,0.0
285,77.76,65.67,Science,AIDS,7.88,3,5,73,57,ML Engineer,1,15.69
286,51.73,74.85,Science,CSE,8.06,1,0,71,96,Web Developer,1,7.73
287,72.35,54.22,Arts,BA,9.25,3,1,54,89,HR Assistant,1,11.58
288,76.05,66.83,Science,EEE,7.98,0,2,83,49,Control Systems Engineer,1,7.72
289,63.75,51.59,Science,Mechanical,6.99,3,0,56,73,Production Engineer,1,8.14
290,78.36,53.77,Science,CSE,8.95,2,1,72,65,DevOps Engineer,1,10.28
291,51.46,69.05,Science,CSE,7.82,0,2,86,69,Software Developer,1,7.52
292,51.79,56.37,Science,Aerospace,5.84,0,3,85,48,Avionics Engineer,1,5.44
293,89.48,77.24,Science,AIML,7.93,0,2,91,85,Software Developer,1,7.66
294,67.29,83.09,Science,AIDS,9.4,2,4,93,90,ML Engineer,1,15.16
295,56.1,88.43,Science,Civil,7.2,1,2,55,70,Structural Engineer,1,7.61
296,75.07,59.61,Science,CSE,6.77,3,4,68,81,Web Developer,1,9.85
297,86.96,58.04,Science,ECE,6.12,0,1,48,94,Telecom Engineer,1,4.81
298,60.36,55.02,Science,CSE,6.15,0,2,72,43,DevOps Engineer,0,0.0
299,79.9,80.55,Science,AIML,7.36,0,1,99,45,Software Developer,1,6.42
300,54.1,83.91,Science,EEE,8.06,1,1,88,53,Electrical Design Engineer,1,8.23
301,52.48,51.52,Commerce,B.Com,5.85,1,0,68,43,Financial Analyst,0,0.0
302,75.51,94.94,Science,Civil,9.54,2,1,52,65,Site Engineer,1,11.05
303,75.95,52.49,Science,AIDS,8.75,1,1,60,86,Data Scientist,1,12.27
304,80.6,75.98,Science,AIML,8.02,3,2,97,87,Data Scientist,1,13.07
305,84.85,84.03,Arts,BA,9.06,2,2,60,78,HR Assistant,1,10.93
306,96.84,91.81,Science,AIML,5.84,2,3,44,56,Software Developer,0,0.0
307,74.78,84.28,Science,AIML,7.55,3,0,49,58,AI Engineer,1,12.43
308,65.5,88.48,Science,CSE,8.21,3,1,45,90,DevOps Engineer,0,0.0
309,88.17,66.29,Science,AIML,9.06,3,0,95,88,Software Developer,1,10.83
310,63.0,89.11,Science,AIDS,8.87,2,4,90,45,ML Engineer,1,14.43
311,71.07,53.85,Science,ECE,6.69,2,1,96,68,Embedded Engineer,1,7.35
312,53.77,92.95,Commerce,BBA,9.55,2,0,52,50,Marketing Specialist,1,10.57
313,51.22,76.28,Science,ECE,6.03,3,3,40,55,VLSI Design Engineer,0,0.0
314,96.21,89.23,Commerce,B.Com,9.26,3,3,59,69,Accountant,1,12.59
315,90.13,71.71,Arts,BA,9.68,0,1,96,64,Public Relations Executive,1,9.43
316,83.41,80.89,Science,ECE,6.26,1,4,86,79,Embedded Engineer,1,7.39
317,69.63,75.27,Science,AIDS,8.6,0,3,85,50,Data Analyst,1,9.03
318,58.32,85.12,Science,CSE,5.67,3,3,47,46,Web Developer,0,0.0
319,57.51,53.92,Science,EEE,7.24,2,4,49,65,Power Systems Engineer,1,9.56
320,62.01,52.9,Science,EEE,7.72,3,0,48,95,Electrical Design Engineer,1,9.09
321,76.36,61.86,Arts,BA,8.0,1,3,88,61,Public Relations Executive,1,9.15
322,84.3,57.66,Commerce,B.Com,9.52,0,2,80,64,Accountant,1,9.73
323,81.69,91.85,Science,EEE,8.39,0,5,42,58,Control Systems Engineer,0,0.0
324,63.44,60.52,Science,AIDS,7.57,2,5,50,70,Data Scientist,1,14.91
325,95.83,96.84,Commerce,BBA,8.98,0,3,51,65,Business Analyst,1,9.52
326,85.42,66.17,Arts,BBA,9.59,0,0,49,81,Marketing Specialist,1,8.82
327,76.61,58.74,Commerce,BBA,5.59,3,0,64,80,Marketing Specialist,0,0.0
328,79.36,87.91,Science,AIDS,9.72,0,1,88,75,Business Analyst,1,9.49
329,70.14,81.62,Science,CSE,5.87,0,2,88,62,DevOps Engineer,0,0.0
330,61.89,73.91,Science,ECE,9.0,0,0,64,86,VLSI Design Engineer,1,8.05
331,67.09,76.66,Science,ECE,6.71,2,4,50,52,Telecom Engineer,1,8.87
332,86.38,84.52,Science,ECE,6.07,2,2,93,64,Software Developer,1,7.04
333,50.69,60.97,Science,CSE,7.39,3,5,75,41,Software Developer,1,11.16
334,55.57,97.82,Science,CSE,8.27,0,2,78,41,Software Developer,1,8.1
335,52.21,96.79,Science,Aerospace,7.14,2,4,92,55,Structural Analyst,1,9.43
336,51.95,81.22,Science,ECE,5.73,2,3,65,48,VLSI Design Engineer,0,0.0
337,91.06,59.58,Science,Mechanical,8.08,3,4,53,67,Production Engineer,1,11.55
338,83.78,82.65,Science,EEE,9.38,1,4,78,52,Power Systems Engineer,1,11.44
339,72.76,53.47,Science,AIDS,7.15,0,3,95,74,Business Analyst,1,7.14
340,54.7,51.47,Science,ECE,6.43,2,3,79,80,Embedded Engineer,1,8.01
341,73.6,62.37,Commerce,BBA,7.4,3,3,40,52,Business Analyst,0,0.0
342,72.73,72.21,Science,AIDS,5.71,3,3,95,70,ML Engineer,0,0.0
343,58.31,91.68,Science,ECE,9.03,3,3,93,60,Embedded Engineer,1,12.29
344,70.82,84.9,Science,CSE,9.05,2,4,43,71,System Analyst,0,0.0
345,69.13,85.65,Arts,BA,8.03,0,1,69,93,HR Assistant,1,7.29
346,79.56,70.42,Science,ECE,7.02,1,1,51,73,Software Developer,1,6.88
347,80.48,66.6,Science,AIML,8.94,0,0,95,47,Software Developer,1,7.97
348,52.17,67.81,Science,CSE,7.89,3,1,74,98,DevOps Engineer,1,9.81
349,67.98,97.41,Science,AIML,9.05,3,5,52,80,AI Engineer,1,17.07
350,80.04,51.93,Science,CSE,8.22,1,1,91,87,Software Developer,1,8.44
351,74.15,91.62,Science,CSE,8.87,0,4,70,41,System Analyst,1,9.88
352,91.11,77.78,Arts,BA,8.07,3,3,77,77,HR Assistant,1,11.04
353,81.62,71.05,Science,Mechanical,7.28,3,3,82,71,Production Engineer,1,10.01
354,57.82,84.81,Commerce,B.Com,9.62,0,4,62,93,Financial Analyst,1,10.86
355,53.39,73.36,Commerce,B.Com,7.83,3,5,43,79,Investment Banker,1,14.07
356,80.84,91.92,Science,CSE,8.1,0,1,91,97,Web Developer,1,7.38
357,51.27,93.23,Arts,BBA,6.45,3,4,55,67,Business Analyst,1,9.44
358,78.12,70.24,Science,AIML,8.19,0,0,46,76,Software Developer,0,0.0
359,95.13,63.29,Science,EEE,7.96,1,3,61,80,Electrical Design Engineer,1,9.1
360,77.62,78.43,Science,ECE,6.29,3,2,68,40,Embedded Engineer,1,8.23
361,68.63,93.79,Science,EEE,5.76,1,0,50,80,Electrical Design Engineer,0,0.0
362,80.88,60.11,Science,AIML,8.1,3,5,95,49,AI Engineer,1,15.12
363,72.0,79.9,Science,ECE,8.78,3,0,72,94,Telecom Engineer,1,10.46
364,76.19,80.31,Science,AIML,7.75,2,4,97,43,Data Scientist,1,13.19
365,95.19,85.19,Science,Mechanical,6.48,0,1,68,74,CAD Engineer,1,5.27
366,68.53,56.32,Science,ECE,8.37,1,3,98,49,Software Developer,1,9.63
367,96.14,84.36,Science,AIML,5.84,1,5,78,86,ML Engineer,0,0.0
368,93.46,93.63,Science,AIML,7.4,1,5,51,50,Software Developer,1,9.37
369,59.4,58.62,Science,CSE,6.2,0,2,46,53,DevOps Engineer,0,0.0
370,53.33,61.4,Commerce,BBA,6.29,2,0,98,77,HR Executive,1,6.33
371,54.84,96.63,Science,CSE,6.37,1,2,94,51,Software Developer,1,6.53
372,50.87,58.69,Commerce,B.Com,7.16,0,1,78,84,Tax Consultant,1,6.16
373,54.53,91.01,Science,AIML,5.72,3,1,81,56,Software Developer,0,0.0
374,82.78,73.63,Science,ECE,7.21,1,2,87,55,Embedded Engineer,1,7.62
375,53.42,61.87,Science,EEE,7.7,1,3,65,74,Control Systems Engineer,1,8.76
376,65.31,91.8,Science,EEE,7.58,2,1,79,41,Electrical Design Engineer,1,8.5
377,90.55,71.37,Science,EEE,7.15,1,2,48,50,Electrical Design Engineer,1,7.55
378,51.12,74.71,Commerce,B.Com,9.11,1,0,80,80,Investment Banker,1,12.43
379,89.09,67.24,Science,CSE,6.12,3,2,73,42,Software Developer,1,8.01
380,63.53,78.46,Commerce,BBA,7.67,0,2,84,68,Marketing Specialist,1,7.32
381,55.67,57.85,Commerce,B.Com,5.77,0,4,52,57,Tax Consultant,0,0.0
382,83.44,68.77,Commerce,B.Com,5.81,2,1,94,59,Financial Analyst,0,0.0
383,80.19,96.53,Arts,BA,7.97,3,3,94,86,Public Relations Executive,1,10.91
384,92.12,62.39,Science,AIML,7.93,0,3,75,53,AI Engineer,1,12.26
385,85.28,81.52,Science,CSE,9.28,3,4,64,73,Software Developer,1,13.11
386,88.57,65.61,Science,Aerospace,7.9,0,5,63,88,Aerospace Engineer,1,9.12
387,63.54,87.13,Science,CSE,9.63,3,3,83,93,System Analyst,1,13.07
388,58.52,56.28,Science,AIDS,5.71,2,2,56,70,Data Analyst,0,0.0
389,86.03,96.55,Commerce,B.Com,5.92,1,4,41,97,Financial Analyst,0,0.0
390,88.73,71.78,Science,ECE,5.69,2,0,52,79,VLSI Design Engineer,0,0.0
391,97.54,61.33,Science,AIML,6.3,0,1,70,81,ML Engineer,1,8.5
392,69.81,53.53,Science,Aerospace,7.83,2,1,68,97,Aerospace Engineer,1,8.83
393,67.86,58.15,Science,Aerospace,8.28,1,1,89,57,Avionics Engineer,1,8.51
394,87.27,74.95,Science,AIML,5.7,2,2,67,69,ML Engineer,0,0.0
395,66.36,66.18,Commerce,CSE,9.57,0,0,99,64,DevOps Engineer,1,8.79
396,94.68,89.79,Science,Civil,9.12,0,4,66,58,Structural Engineer,1,10.21
397,91.2,70.68,Science,EEE,6.78,2,4,54,47,Control Systems Engineer,1,8.96
398,70.59,61.94,Science,EEE,5.83,1,1,70,67,Electrical Design Engineer,0,0.0
399,86.04,79.62,Science,CSE,6.23,2,0,79,47,DevOps Engineer,1,6.25
400,86.22,83.93,Science,AIDS,6.05,1,0,54,70,Data Analyst,0,0.0
401,54.95,58.02,Science,CSE,6.03,3,0,72,42,Software Developer,0,0.0
402,93.32,58.05,Science,CSE,7.73,1,3,59,42,DevOps Engineer,1,8.8
403,74.25,51.76,Science,Civil,6.56,3,3,81,83,Structural Engineer,1,9.08
404,89.67,85.35,Science,AIML,7.04,2,1,51,61,AI Engineer,1,9.96
405,65.36,81.86,Science,ECE,9.75,1,0,76,56,Software Developer,1,9.93
406,92.99,72.78,Science,EEE,8.44,3,5,48,75,Electrical Design Engineer,1,12.52
407,68.68,90.52,Science,Aerospace,9.58,3,0,62,56,Aerospace Engineer,1,11.5
408,50.52,88.67,Science,Civil,6.11,3,4,47,53,Site Engineer,1,8.99
409,93.46,78.1,Arts,BA,7.14,0,4,71,90,Content Strategist,1,7.63
410,54.38,91.68,Science,CSE,7.89,2,1,87,48,Web Developer,1,8.91
411,65.33,59.88,Science,AIML,5.83,3,5,53,69,Data Scientist,0,0.0
412,95.6,55.37,Science,CSE,5.52,1,0,66,60,Web Developer,0,0.0
413,95.63,62.95,Science,CSE,8.38,3,5,64,51,System Analyst,1,12.44
414,77.53,52.74,Science,AIML,8.26,0,1,52,76,Data Scientist,1,11.23
415,80.33,75.5,Science,EEE,7.27,2,4,94,71,Power Systems Engineer,1,9.6
416,71.53,94.96,Arts,BA,7.61,0,4,60,50,Content Strategist,1,8.24
417,64.07,51.89,Science,AIML,7.29,0,3,84,59,Data Scientist,1,9.35
418,65.78,55.86,Science,ECE,5.6,0,1,70,74,Software Developer,0,0.0
419,82.28,71.71,Science,CSE,6.94,1,1,76,92,System Analyst,1,6.77
420,86.11,94.83,Science,CSE,6.26,2,0,87,86,DevOps Engineer,1,6.29
421,88.0,65.18,Science,EEE,5.92,2,0,97,85,Power Systems Engineer,0,0.0
422,87.9,74.35,Science,ECE,9.61,1,3,82,50,Telecom Engineer,1,11.24
423,54.38,52.0,Commerce,BBA,8.08,2,2,93,91,Business Analyst,1,9.65
424,73.73,57.12,Science,CSE,8.63,0,5,44,47,Web Developer,0,0.0
425,52.76,97.36,Science,EEE,6.86,2,2,52,43,Electrical Design Engineer,1,8.07
426,76.38,96.33,Arts,BBA,7.19,1,2,67,66,HR Executive,1,7.6
427,71.19,50.24,Science,AIDS,6.52,0,1,82,83,Data Analyst,1,5.33
428,92.61,95.69,Arts,BBA,5.92,1,5,64,79,HR Executive,0,0.0
429,66.84,80.68,Science,Aerospace,6.27,3,1,90,77,Avionics Engineer,1,7.7
430,55.62,91.66,Commerce,B.Com,8.93,0,5,74,86,Financial Analyst,1,10.46
431,56.86,71.83,Science,AIDS,8.41,0,4,86,69,Data Analyst,1,9.28
432,86.55,74.75,Commerce,CSE,7.85,2,1,78,83,DevOps Engineer,1,8.86
433,79.67,73.46,Arts,BBA,7.54,0,1,46,87,HR Executive,0,0.0
434,54.85,82.01,Science,AIML,9.47,1,1,77,87,Software Developer,1,10.06
435,54.04,56.7,Arts,BBA,5.81,2,3,71,66,Business Analyst,0,0.0
436,83.65,51.44,Science,AIML,6.71,3,1,42,60,AI Engineer,0,0.0
437,53.49,64.78,Science,CSE,7.0,1,0,84,91,Web Developer,0,0.0
438,89.45,83.82,Science,AIDS,8.86,3,0,78,59,Data Analyst,1,10.57
439,83.9,59.69,Science,Mechanical,9.77,3,5,76,99,Production Engineer,1,14.25
440,53.9,82.32,Science,Mechanical,6.53,3,4,94,43,Production Engineer,1,9.54
441,54.07,96.56,Science,AIML,9.26,0,3,89,50,ML Engineer,1,13.84
442,97.36,54.51,Science,AIDS,9.07,1,5,61,52,ML Engineer,1,15.21
443,67.96,82.28,Commerce,B.Com,6.47,1,0,47,48,Financial Analyst,0,0.0
444,67.79,71.3,Commerce,CSE,7.22,0,3,56,43,Software Developer,0,0.0
445,89.01,91.67,Science,Civil,7.26,2,3,91,51,Structural Engineer,1,9.09
446,95.47,58.5,Science,ECE,9.71,3,4,66,48,Embedded Engineer,1,13.67
447,97.33,83.25,Science,EEE,6.28,1,3,72,52,Control Systems Engineer,1,6.91
448,86.16,90.23,Science,ECE,8.94,0,1,85,87,Software Developer,1,8.47
449,68.06,95.34,Science,AIDS,6.94,3,3,56,65,Business Analyst,1,9.57
450,54.01,82.8,Science,CSE,8.64,2,4,81,77,DevOps Engineer,1,11.38
451,87.3,73.86,Science,AIDS,7.31,2,5,51,81,Data Analyst,1,10.15
452,76.8,79.66,Arts,BBA,7.99,3,4,87,52,HR Executive,1,11.44
453,70.36,91.71,Science,ECE,9.08,2,4,85,78,Embedded Engineer,1,11.95
454,93.51,77.39,Science,AIML,8.96,1,0,66,67,AI Engineer,1,11.67
455,55.34,51.46,Science,Mechanical,9.23,1,1,87,97,CAD Engineer,1,9.75
456,73.65,94.69,Science,CSE,5.76,1,0,47,58,System Analyst,1,4.74
457,50.54,83.1,Science,AIDS,8.48,2,5,62,63,Data Scientist,1,14.41
458,72.5,82.47,Science,ECE,6.1,1,2,99,58,Embedded Engineer,1,6.18
459,52.7,60.35,Science,ECE,7.29,0,5,81,88,Software Developer,1,8.33
460,55.7,81.63,Science,ECE,7.86,1,1,88,52,Embedded Engineer,1,7.97
461,55.64,68.91,Arts,BA,7.23,1,3,98,52,Public Relations Executive,1,8.15
462,81.16,81.26,Commerce,B.Com,7.73,2,4,68,97,Tax Consultant,1,10.2
463,85.81,55.12,Science,ECE,9.79,1,2,89,67,VLSI Design Engineer,1,10.98
464,78.0,81.58,Science,AIDS,6.08,3,1,59,92,Business Analyst,1,7.45
465,96.18,97.97,Science,CSE,8.4,0,0,55,41,Web Developer,1,7.27
466,67.99,52.31,Science,ECE,7.2,2,4,56,49,Embedded Engineer,1,9.51
467,63.71,96.9,Science,AIDS,6.07,0,5,55,61,Business Analyst,1,6.74
468,91.69,69.53,Science,ECE,6.18,3,0,58,52,Software Developer,1,7.08
469,60.73,91.8,Science,EEE,9.58,2,1,95,97,Electrical Design Engineer,1,11.1
470,96.23,87.55,Science,CSE,9.28,2,1,95,48,Software Developer,1,10.71
471,50.58,77.22,Science,CSE,9.4,1,5,47,72,System Analyst,0,0.0
472,96.55,85.45,Arts,BBA,9.76,0,2,77,53,Business Analyst,1,10.04
473,52.07,92.17,Arts,BBA,6.4,3,5,77,87,Business Analyst,1,9.87
474,92.77,69.4,Commerce,BBA,7.03,3,3,92,59,HR Executive,1,9.69
475,75.33,65.7,Science,EEE,8.38,2,0,68,54,Power Systems Engineer,1,9.04
476,97.66,82.04,Commerce,BBA,7.58,1,2,80,71,Business Analyst,1,8.1
477,53.54,88.78,Science,Civil,7.3,2,4,75,72,CAD Drafter,1,9.64
478,76.59,86.59,Commerce,B.Com,7.04,2,3,65,56,Financial Analyst,1,8.8
479,96.53,88.3,Science,AIDS,8.05,2,2,70,63,Business Analyst,1,9.62
480,75.11,70.91,Commerce,B.Com,7.98,2,0,83,69,Tax Consultant,1,8.52
481,80.21,89.26,Science,CSE,6.19,3,1,99,52,System Analyst,1,7.6
482,83.4,55.77,Commerce,B.Com,7.53,3,4,51,98,Tax Consultant,1,10.84
483,71.82,76.14,Arts,BA,7.88,2,5,94,86,HR Assistant,1,10.89
484,80.12,50.28,Science,Mechanical,7.95,2,0,56,87,Mechanical Design Engineer,1,8.49
485,78.05,65.58,Science,AIDS,6.4,1,3,54,55,Data Analyst,1,7.07
486,93.26,67.59,Arts,BA,8.69,2,3,48,41,Public Relations Executive,1,10.95
487,52.18,69.02,Science,AIML,5.61,3,1,78,56,ML Engineer,0,0.0
488,63.49,83.38,Commerce,B.Com,7.03,0,1,81,71,Investment Banker,1,9.98
489,95.62,68.65,Science,CSE,8.85,3,4,87,82,Web Developer,1,12.56
490,92.73,71.54,Science,AIML,7.92,1,5,51,47,Software Developer,1,10.05
491,71.87,61.4,Science,CSE,6.62,3,4,71,91,System Analyst,1,9.66
492,79.77,67.92,Science,ECE,8.49,0,1,64,42,Embedded Engineer,1,7.89
493,63.31,60.91,Commerce,BBA,7.94,2,1,78,51,Marketing Specialist,1,8.97
494,59.03,53.51,Science,Aerospace,8.92,0,3,57,59,Aerospace Engineer,1,9.45
495,72.26,78.97,Science,ECE,8.66,2,1,54,55,Embedded Engineer,1,9.91
496,66.96,82.07,Science,CSE,8.12,2,2,71,53,Software Developer,1,9.71
497,78.02,79.74,Science,Aerospace,7.6,3,0,45,55,Aerospace Engineer,0,0.0
498,53.73,72.25,Commerce,BBA,6.07,3,1,97,98,Marketing Specialist,1,7.44
499,96.77,68.23,Arts,BA,6.62,3,4,83,92,HR Assistant,1,9.66
500,97.34,91.44,Science,ECE,7.3,1,5,82,88,Embedded Engineer,1,9.24
501,83.51,74.92,Commerce,B.Com,8.08,3,5,91,82,Financial Analyst,1,12.05
502,75.73,73.0,Commerce,BBA,7.71,1,5,74,88,Business Analyst,1,9.77
503,64.86,51.23,Science,Civil,6.74,3,2,73,90,Structural Engineer,1,8.81
504,89.06,66.38,Arts,BA,5.53,2,4,77,93,HR Assistant,0,0.0
505,82.87,68.25,Science,Aerospace,7.63,1,2,95,72,Avionics Engineer,1,8.17
506,57.81,69.14,Science,ECE,6.73,0,1,93,69,VLSI Design Engineer,1,5.6
507,93.72,77.85,Commerce,CSE,8.66,1,0,96,98,Web Developer,1,8.51
508,89.48,75.61,Science,AIDS,5.6,1,5,44,51,Data Analyst,1,7.03
509,95.59,79.18,Commerce,BBA,8.01,0,4,57,54,Marketing Specialist,1,8.76
510,84.83,86.71,Commerce,B.Com,9.55,1,5,55,57,Accountant,1,12.16
511,79.44,89.02,Science,AIML,6.25,2,2,47,67,Software Developer,0,0.0
512,70.08,84.47,Commerce,B.Com,7.53,3,3,64,62,Accountant,1,10.34
513,94.77,95.87,Science,Civil,5.89,0,1,71,53,Structural Engineer,0,0.0
514,91.57,50.88,Science,EEE,8.19,3,0,65,69,Power Systems Engineer,1,9.7
515,52.17,59.4,Science,Aerospace,7.87,2,1,91,72,Aerospace Engineer,1,8.88
516,51.27,50.36,Arts,B.Com,7.25,0,3,61,84,Financial Analyst,1,7.28
517,68.07,81.08,Science,CSE,7.74,3,0,70,54,DevOps Engineer,1,9.11
518,88.91,93.11,Science,AIML,9.36,3,3,82,46,Software Developer,1,12.72
519,97.39,61.69,Science,CSE,6.34,2,1,49,54,DevOps Engineer,1,6.89
520,57.22,94.5,Commerce,B.Com,5.6,3,2,95,91,Accountant,0,0.0
521,78.52,52.89,Science,CSE,9.21,2,1,96,81,DevOps Engineer,1,10.62
522,68.28,94.85,Science,AIDS,7.98,1,1,51,85,Data Scientist,1,12.08
523,96.56,66.88,Science,AIML,9.33,2,1,92,77,ML Engineer,1,13.66
524,90.42,54.87,Science,CSE,8.07,1,4,67,85,DevOps Engineer,1,9.74
525,90.24,73.32,Commerce,B.Com,8.98,0,3,45,95,Investment Banker,0,0.0
526,72.5,62.33,Science,CSE,7.35,3,3,98,96,Web Developer,1,10.1
527,69.91,63.67,Science,Civil,8.72,2,5,59,93,Structural Engineer,1,11.99
528,63.12,64.75,Arts,BBA,9.43,2,3,44,83,HR Executive,0,0.0
529,52.71,88.55,Science,Civil,7.96,3,5,62,50,Structural Engineer,1,11.9
530,91.51,75.88,Arts,BA,6.28,3,4,48,68,Public Relations Executive,1,9.21
531,89.02,64.94,Science,AIML,6.66,0,2,97,70,Software Developer,1,6.01
532,97.99,79.3,Commerce,BBA,6.35,0,5,98,64,Marketing Specialist,1,7.1
533,97.84,84.38,Science,AIML,6.56,2,1,68,91,ML Engineer,1,9.93
534,76.66,63.09,Science,AIML,6.82,0,2,55,93,AI Engineer,1,9.62
535,86.91,69.85,Commerce,B.Com,7.89,1,4,93,63,Accountant,1,9.51
536,95.35,55.85,Commerce,B.Com,8.03,0,3,85,96,Tax Consultant,1,8.29
537,90.78,58.7,Commerce,B.Com,7.33,0,5,61,58,Investment Banker,1,10.4
538,61.87,82.69,Science,AIML,8.15,2,1,47,41,Software Developer,0,0.0
539,71.63,58.71,Commerce,BBA,5.85,1,0,98,61,HR Executive,0,0.0
540,56.2,75.21,Commerce,B.Com,5.88,0,0,59,59,Accountant,0,0.0
541,95.79,84.03,Science,CSE,6.24,1,2,90,72,Software Developer,1,6.36
542,79.1,55.13,Commerce,BBA,7.73,1,3,53,47,Marketing Specialist,1,8.8
543,60.97,77.23,Commerce,B.Com,6.42,1,0,78,64,Accountant,1,5.6
544,82.24,62.32,Science,AIML,6.72,3,2,76,85,AI Engineer,1,10.99
545,79.67,96.22,Science,Aerospace,7.22,3,4,89,48,Avionics Engineer,1,10.44
546,67.19,73.21,Science,CSE,8.99,3,2,73,73,System Analyst,1,11.74
547,55.45,88.69,Science,CSE,5.56,3,2,50,96,Software Developer,0,0.0
548,82.24,76.41,Science,AIDS,8.29,2,2,93,62,Data Analyst,1,9.93
549,74.97,52.08,Science,AIML,8.38,0,1,79,44,ML Engineer,1,10.06
550,87.07,80.39,Science,AIDS,8.93,3,2,72,94,ML Engineer,1,14.12
551,74.97,95.67,Science,EEE,9.51,2,5,70,64,Electrical Design Engineer,1,13.01
552,90.9,78.88,Science,CSE,5.59,0,2,98,47,Software Developer,0,0.0
553,76.49,89.32,Commerce,B.Com,6.16,3,1,93,55,Tax Consultant,1,7.56
554,76.93,92.44,Arts,BA,9.31,0,1,83,93,Content Strategist,1,8.95
555,92.08,60.95,Science,CSE,7.47,3,4,73,87,DevOps Engineer,1,10.76
556,69.37,60.18,Arts,BBA,7.93,2,3,89,84,HR Executive,1,9.96
557,56.43,79.33,Science,AIML,8.35,1,0,46,91,Data Scientist,0,0.0
558,51.38,69.73,Science,AIDS,8.42,1,0,97,54,Data Analyst,1,8.2
559,86.25,90.31,Science,CSE,9.51,0,2,88,40,System Analyst,1,9.71
560,79.77,93.2,Science,AIDS,9.79,2,4,93,61,Business Analyst,1,12.88
561,83.8,66.96,Commerce,B.Com,8.6,1,2,62,42,Investment Banker,1,12.71
562,60.22,61.37,Commerce,BBA,6.74,3,0,85,77,Business Analyst,1,7.81
563,56.55,87.47,Science,CSE,9.28,1,1,95,93,DevOps Engineer,1,9.81
564,50.7,63.19,Science,AIML,5.71,0,3,46,53,Software Developer,0,0.0
565,66.83,89.49,Science,AIDS,6.49,0,4,93,75,Business Analyst,1,6.79
566,78.32,70.34,Science,ECE,9.36,2,1,64,57,Telecom Engineer,1,10.82
567,68.83,82.04,Science,AIDS,6.6,0,3,42,86,Data Scientist,0,0.0
568,71.0,54.59,Science,ECE,6.45,1,4,98,80,Embedded Engineer,1,7.64
569,93.4,79.95,Commerce,BBA,6.09,1,4,77,57,Business Analyst,1,7.17
570,66.72,71.68,Arts,B.Com,9.19,1,0,59,42,Financial Analyst,1,9.2
571,74.67,78.16,Science,AIML,7.65,1,1,73,49,AI Engineer,1,12.18
572,87.62,58.06,Arts,BA,8.4,2,4,88,88,Content Strategist,1,11.07
573,69.03,85.37,Science,EEE,6.53,3,5,83,78,Control Systems Engineer,1,10.04
574,79.86,91.41,Science,Civil,8.76,3,4,83,86,CAD Drafter,1,12.44
575,91.39,60.4,Science,Aerospace,8.77,2,3,69,40,Avionics Engineer,1,11.05
576,95.58,54.59,Science,AIML,6.84,0,0,56,66,Software Developer,1,5.24
577,57.06,51.13,Arts,BA,7.27,3,2,98,96,HR Assistant,1,9.5
578,94.48,80.81,Science,AIDS,6.4,0,0,49,66,Data Analyst,0,0.0
579,73.62,79.14,Science,ECE,9.7,3,2,74,50,VLSI Design Engineer,1,12.66
580,62.4,76.24,Science,AIDS,8.28,0,1,59,88,Data Analyst,1,7.61
581,72.04,61.13,Science,AIDS,9.52,2,1,57,44,Data Scientist,1,14.66
582,97.04,68.76,Commerce,BBA,6.8,1,4,84,46,Business Analyst,1,8.09
583,73.65,78.53,Science,AIML,8.86,0,5,83,58,Software Developer,1,10.37
584,65.78,73.84,Science,Aerospace,8.79,1,1,66,96,Aerospace Engineer,1,9.18
585,80.4,97.41,Science,AIML,8.47,0,4,98,95,ML Engineer,1,11.51
586,61.53,56.55,Science,AIML,9.65,0,0,98,68,Software Developer,0,0.0
587,53.64,83.37,Science,AIDS,7.19,0,1,88,54,Data Scientist,1,9.51
588,56.19,69.41,Science,EEE,6.06,0,0,75,74,Electrical Design Engineer,0,0.0
589,56.15,70.55,Science,CSE,8.39,0,0,62,86,DevOps Engineer,1,7.26
590,57.29,84.44,Commerce,B.Com,8.64,1,5,71,76,Tax Consultant,1,10.98
591,56.66,83.24,Commerce,CSE,7.97,0,1,49,94,Web Developer,1,7.21
592,80.76,97.58,Commerce,B.Com,6.39,1,0,50,51,Accountant,0,0.0
593,58.73,56.16,Science,AIDS,7.67,2,5,77,69,Business Analyst,1,10.62
594,66.59,55.0,Science,AIDS,6.84,3,5,45,59,Business Analyst,0,0.0
595,93.05,84.77,Science,AIDS,7.34,0,1,98,76,Business Analyst,1,6.39
596,72.75,77.76,Commerce,BBA,8.27,3,5,80,42,Business Analyst,1,12.3
597,82.04,63.16,Science,CSE,8.7,1,1,86,48,DevOps Engineer,1,9.06
598,58.27,53.81,Science,AIDS,6.5,2,1,73,97,Data Analyst,1,7.1
599,59.23,54.11,Science,AIML,7.24,2,2,75,80,AI Engineer,1,11.8
600,51.96,92.92,Science,ECE,6.66,2,0,76,78,Embedded Engineer,1,6.81
601,58.11,59.21,Science,CSE,6.35,3,3,56,65,Software Developer,1,8.8
602,63.37,65.52,Science,AIDS,8.87,1,1,79,41,ML Engineer,1,11.64
603,58.5,60.88,Commerce,B.Com,9.41,0,0,79,62,Financial Analyst,1,8.58
604,54.26,67.04,Science,AIML,7.09,0,5,93,62,Software Developer,1,8.07
605,55.79,53.33,Science,CSE,8.73,1,4,51,98,Web Developer,1,10.6
606,72.12,74.91,Science,CSE,9.36,3,1,60,60,System Analyst,1,11.72
607,59.9,53.25,Science,EEE,9.14,0,5,79,55,Control Systems Engineer,1,10.73
608,67.48,88.42,Science,AIML,6.29,1,5,58,48,Software Developer,1,7.93
609,74.16,61.22,Commerce,CSE,9.61,0,5,42,52,System Analyst,1,11.34
610,83.14,75.92,Science,Civil,7.12,2,5,57,67,Site Engineer,1,9.91
611,51.89,92.24,Commerce,B.Com,6.96,0,5,92,66,Tax Consultant,1,7.9
612,88.37,81.24,Science,CSE,5.77,3,1,90,90,Software Developer,0,0.0
613,80.14,75.58,Science,AIML,7.59,1,3,58,91,Software Developer,1,8.62
614,53.92,65.57,Commerce,BBA,5.97,3,2,86,56,Marketing Specialist,0,0.0
615,91.93,65.98,Science,AIML,6.57,1,5,45,77,AI Engineer,0,0.0
616,94.2,82.14,Science,CSE,6.86,2,5,55,75,DevOps Engineer,1,9.57
617,52.93,97.72,Science,AIDS,8.98,1,2,47,40,ML Engineer,0,0.0
618,63.29,81.77,Science,EEE,9.26,0,1,87,57,Power Systems Engineer,1,8.89
619,88.7,76.77,Commerce,BBA,6.8,0,0,57,90,Marketing Specialist,1,5.19
620,85.92,85.07,Science,CSE,9.19,2,4,91,48,System Analyst,1,12.1
621,58.86,72.33,Commerce,BBA,9.19,1,4,87,52,Business Analyst,1,11.2
622,60.05,52.89,Commerce,B.Com,8.79,2,0,82,79,Accountant,1,9.58
623,67.78,76.99,Science,CSE,6.13,0,1,78,94,System Analyst,1,4.82
624,73.26,95.97,Arts,B.Com,8.47,3,4,88,84,Accountant,1,12.06
625,79.68,58.41,Science,CSE,9.56,2,2,88,54,Web Developer,1,11.58
626,67.71,83.12,Arts,BA,8.43,3,0,51,82,Public Relations Executive,1,10.01
627,72.2,59.64,Science,CSE,6.93,3,3,84,83,System Analyst,1,9.56
628,85.88,75.72,Science,Aerospace,7.65,1,1,49,85,Avionics Engineer,1,7.7
629,51.76,54.64,Science,EEE,8.28,2,0,46,43,Power Systems Engineer,0,0.0
630,62.12,71.62,Science,ECE,7.7,3,4,85,72,VLSI Design Engineer,1,11.06
631,84.24,86.3,Science,EEE,6.02,3,1,94,63,Control Systems Engineer,1,7.38
632,92.97,66.68,Commerce,B.Com,6.84,1,2,40,75,Investment Banker,0,0.0
633,74.56,81.92,Science,AIDS,8.95,1,1,88,90,ML Engineer,1,13.69
634,75.54,88.18,Science,AIML,9.2,0,1,75,80,Software Developer,1,8.81
635,55.14,94.5,Commerce,B.Com,6.09,3,2,60,49,Financial Analyst,1,7.97
636,71.48,61.26,Science,AIDS,9.6,0,5,76,75,ML Engineer,1,14.43
637,75.57,69.17,Arts,B.Com,6.91,3,2,91,59,Investment Banker,1,13.52
638,61.64,57.32,Commerce,B.Com,8.35,0,1,63,80,Tax Consultant,0,0.0
639,62.92,97.64,Arts,BA,8.73,1,2,94,84,Content Strategist,1,9.6
640,68.11,94.5,Commerce,B.Com,8.99,2,5,64,83,Investment Banker,1,15.39
641,50.96,75.92,Science,CSE,9.57,1,0,46,50,DevOps Engineer,0,0.0
642,65.46,90.42,Science,Mechanical,6.85,0,2,81,51,Mechanical Design Engineer,1,6.26
643,60.15,75.01,Commerce,B.Com,9.19,0,2,56,57,Accountant,1,9.3
644,65.72,79.93,Science,AIDS,6.07,2,1,68,69,Data Analyst,1,6.54
645,55.75,54.28,Science,EEE,8.53,3,0,69,83,Power Systems Engineer,1,10.14
646,92.75,86.25,Science,CSE,8.69,0,3,46,87,Software Developer,0,0.0
647,78.49,56.13,Arts,BA,8.41,0,3,72,76,Public Relations Executive,1,8.78
648,82.6,89.65,Science,AIML,6.58,0,4,46,59,AI Engineer,0,0.0
649,87.88,87.54,Science,AIDS,9.25,2,2,97,64,Business Analyst,1,11.18
650,73.93,84.02,Science,Civil,6.23,1,2,63,51,Structural Engineer,1,6.35
651,54.17,51.74,Science,EEE,5.73,0,0,50,60,Power Systems Engineer,0,0.0
652,75.78,64.55,Science,AIML,8.59,2,5,48,64,Software Developer,1,11.82
653,78.17,62.63,Science,EEE,7.54,0,3,51,50,Control Systems Engineer,1,7.65
654,85.78,67.29,Science,CSE,9.15,3,4,74,48,Software Developer,1,12.94
655,70.72,54.21,Commerce,B.Com,7.15,2,0,43,89,Tax Consultant,0,0.0
656,56.12,94.97,Science,CSE,6.22,0,2,75,64,Software Developer,1,5.44
657,63.62,76.58,Commerce,B.Com,9.1,2,3,67,74,Financial Analyst,1,11.48
658,67.43,64.67,Commerce,B.Com,7.86,0,4,96,91,Investment Banker,1,12.09
659,81.0,69.06,Science,ECE,6.31,1,1,52,71,VLSI Design Engineer,1,5.95
660,77.4,71.47,Science,Mechanical,8.6,0,3,62,88,Mechanical Design Engineer,1,9.03
661,67.09,78.83,Science,AIDS,7.7,2,4,58,53,ML Engineer,1,12.42
662,97.35,74.75,Commerce,B.Com,8.1,3,0,81,40,Financial Analyst,1,9.58
663,79.08,94.13,Science,CSE,7.48,3,1,76,56,DevOps Engineer,1,9.27
664,61.39,73.85,Science,CSE,9.06,3,4,78,64,System Analyst,1,12.83
665,54.89,97.62,Science,AIDS,9.07,0,4,63,98,Data Scientist,1,13.28
666,57.34,90.87,Science,AIML,8.55,1,2,55,47,AI Engineer,1,11.96
667,61.81,60.01,Science,EEE,5.95,0,5,72,44,Control Systems Engineer,0,0.0
668,57.71,94.67,Science,CSE,9.11,3,3,51,44,Software Developer,1,12.39
669,58.96,55.59,Commerce,B.Com,8.39,2,2,73,80,Tax Consultant,1,10.06
670,63.68,89.24,Science,AIML,8.5,3,1,46,74,ML Engineer,0,0.0
671,58.32,68.27,Science,CSE,7.06,2,5,50,58,Software Developer,1,9.83
672,93.04,92.14,Science,CSE,9.28,1,4,70,62,System Analyst,1,11.31
673,53.85,91.67,Commerce,BBA,8.62,2,2,68,48,Marketing Specialist,1,10.36
674,75.18,88.68,Science,CSE,5.98,0,5,52,93,Web Developer,0,0.0
675,69.7,87.92,Commerce,BBA,7.25,0,3,70,69,Business Analyst,1,7.28
676,97.15,64.62,Science,AIML,9.31,0,1,41,89,ML Engineer,0,0.0
677,55.38,53.88,Science,CSE,5.7,2,0,78,55,Software Developer,0,0.0
678,69.1,69.34,Science,AIML,9.63,0,2,54,72,Data Scientist,1,13.96
679,96.53,58.33,Science,EEE,8.42,0,1,96,41,Electrical Design Engineer,1,7.8
680,91.54,83.36,Science,AIML,8.21,0,0,50,53,ML Engineer,1,10.98
681,89.22,66.61,Science,EEE,6.66,1,2,73,85,Control Systems Engineer,1,6.91
682,62.38,96.83,Commerce,B.Com,6.57,2,1,78,40,Financial Analyst,1,7.19
683,58.2,80.77,Science,EEE,9.55,2,1,43,65,Electrical Design Engineer,0,0.0
684,82.09,89.48,Science,CSE,6.78,3,5,50,97,Software Developer,1,10.36
685,94.61,56.36,Science,ECE,8.83,2,2,68,64,Software Developer,1,10.63
686,76.72,91.38,Science,AIDS,7.19,1,1,41,55,Data Scientist,0,0.0
687,77.44,94.29,Science,Mechanical,6.1,2,4,55,54,Mechanical Design Engineer,1,8.08
688,63.44,73.38,Science,AIML,5.55,1,2,78,65,AI Engineer,0,0.0
689,86.94,79.1,Science,CSE,7.84,1,1,52,86,DevOps Engineer,1,7.94
690,58.98,86.71,Science,CSE,9.7,2,5,76,83,System Analyst,1,13.26
691,65.54,58.39,Science,EEE,7.09,3,0,56,55,Electrical Design Engineer,1,8.27
692,70.42,74.12,Science,AIDS,7.04,0,0,60,53,Business Analyst,1,5.5
693,74.37,69.14,Science,EEE,6.98,0,4,83,68,Electrical Design Engineer,1,7.42
694,61.64,57.03,Science,CSE,7.74,2,2,99,63,Web Developer,1,9.21
695,55.51,67.64,Arts,BA,7.39,2,5,58,86,Content Strategist,1,10.26
696,79.31,53.27,Science,CSE,9.28,1,1,46,94,DevOps Engineer,1,9.81
697,63.85,51.24,Science,Civil,7.67,2,1,77,54,Site Engineer,1,8.62
698,77.9,56.49,Science,ECE,7.68,1,0,47,58,Software Developer,1,7.23
699,57.41,96.23,Commerce,CSE,6.09,3,5,52,47,Software Developer,1,9.47
700,73.09,76.38,Commerce,B.Com,9.73,2,4,76,73,Tax Consultant,1,12.8
701,75.56,96.36,Science,ECE,6.57,0,0,41,41,Telecom Engineer,0,0.0
702,52.49,70.76,Arts,BBA,5.82,0,0,80,66,Business Analyst,0,0.0
703,66.16,64.97,Science,AIML,8.35,2,4,50,49,Software Developer,1,11.0
704,56.45,74.29,Science,EEE,8.06,1,2,63,74,Control Systems Engineer,1,8.73
705,53.04,71.1,Commerce,CSE,7.29,0,1,45,62,Web Developer,0,0.0
706,97.52,55.07,Commerce,BBA,7.32,1,2,65,88,Marketing Specialist,1,7.77
707,65.47,80.76,Science,ECE,8.88,2,5,46,47,Telecom Engineer,0,0.0
708,88.87,60.37,Science,AIML,6.34,2,3,96,67,Software Developer,1,7.89
709,62.22,79.74,Science,AIML,9.03,0,3,78,62,AI Engineer,1,13.65
710,82.71,81.21,Science,Civil,8.29,2,3,58,43,Structural Engineer,1,10.43
711,86.49,57.3,Commerce,B.Com,7.3,3,4,45,53,Financial Analyst,1,10.54
712,78.59,52.94,Science,ECE,7.47,3,0,82,92,Telecom Engineer,1,8.76
713,72.64,87.48,Science,ECE,6.6,0,2,68,81,Software Developer,1,5.93
714,69.77,72.07,Science,ECE,8.73,3,1,82,68,Embedded Engineer,1,10.9
715,66.75,52.79,Science,Civil,7.71,1,3,78,40,Structural Engineer,1,8.77
716,94.62,97.75,Science,AIML,6.88,0,2,41,43,Software Developer,0,0.0
717,89.87,52.77,Science,AIML,8.06,0,3,58,71,Software Developer,1,8.33
718,96.32,83.36,Arts,BA,9.78,1,3,43,72,Content Strategist,0,0.0
719,55.97,97.22,Commerce,B.Com,7.37,3,1,97,88,Investment Banker,1,12.94
720,85.08,61.48,Science,AIML,9.46,3,5,45,65,AI Engineer,0,0.0
721,95.04,56.83,Commerce,B.Com,6.98,3,5,88,56,Tax Consultant,1,10.62
722,58.7,55.83,Commerce,BBA,5.74,0,5,96,78,Marketing Specialist,0,0.0
723,53.19,64.56,Commerce,CSE,6.38,0,4,76,62,Software Developer,1,6.64
724,85.57,54.85,Science,CSE,7.3,3,0,67,71,Software Developer,1,8.54
725,77.57,83.22,Science,AIML,6.44,2,4,69,91,ML Engineer,1,12.6
726,90.41,52.99,Science,Mechanical,5.5,3,2,46,54,CAD Engineer,0,0.0
727,56.71,74.45,Science,CSE,9.43,1,4,48,52,System Analyst,1,11.51
728,88.17,97.84,Science,CSE,9.13,0,2,64,99,System Analyst,1,9.22
729,59.68,89.07,Science,CSE,8.69,1,2,72,41,Software Developer,1,9.55
730,57.86,79.53,Science,AIDS,6.22,1,0,40,99,Data Analyst,0,0.0
731,57.88,64.7,Commerce,B.Com,6.02,0,1,90,58,Accountant,0,0.0
732,89.1,79.95,Science,Civil,5.79,2,0,45,63,Site Engineer,0,0.0
733,81.93,75.3,Science,AIML,8.61,3,5,57,84,AI Engineer,1,15.25
734,75.11,70.45,Arts,BA,9.49,1,5,49,63,Public Relations Executive,1,12.09
735,67.22,56.27,Arts,BA,7.35,0,4,67,50,Public Relations Executive,1,7.9
736,92.11,92.56,Commerce,B.Com,6.01,1,2,50,98,Investment Banker,1,9.19
737,68.84,71.59,Arts,BBA,7.7,3,3,72,61,Business Analyst,1,10.56
738,89.2,59.34,Science,EEE,7.0,2,3,40,54,Power Systems Engineer,0,0.0
739,71.08,67.65,Arts,BBA,7.11,2,2,52,49,HR Executive,1,8.39
740,68.09,69.88,Science,AIDS,8.17,2,0,76,80,Data Scientist,1,12.5
741,72.21,89.72,Science,Mechanical,8.59,0,1,59,66,Production Engineer,1,8.02
742,64.47,85.21,Science,EEE,5.98,0,0,40,99,Power Systems Engineer,0,0.0
743,85.89,86.93,Science,EEE,5.65,2,2,91,48,Control Systems Engineer,0,0.0
744,74.13,50.53,Science,CSE,9.78,3,2,42,91,DevOps Engineer,0,0.0
745,61.15,69.98,Science,CSE,6.5,3,1,57,67,DevOps Engineer,1,8.0
746,93.18,73.1,Commerce,B.Com,5.73,0,4,80,40,Tax Consultant,0,0.0
747,68.43,50.92,Science,ECE,6.32,2,4,53,56,VLSI Design Engineer,1,8.37
748,76.09,62.47,Science,AIML,5.67,3,1,70,70,ML Engineer,0,0.0
749,93.51,86.49,Commerce,B.Com,7.18,3,4,66,83,Financial Analyst,1,10.38
750,79.96,56.58,Science,Aerospace,8.95,3,3,56,49,Aerospace Engineer,1,12.18
751,55.61,75.69,Science,Aerospace,6.97,0,4,94,76,Structural Analyst,1,7.41
752,95.11,60.33,Science,Mechanical,7.41,2,4,85,68,Production Engineer,1,9.78
753,80.13,50.58,Science,AIML,8.41,1,4,68,57,ML Engineer,1,13.78
754,66.08,61.58,Science,ECE,7.69,2,3,75,86,VLSI Design Engineer,1,9.65
755,56.69,96.84,Arts,BA,9.2,2,4,76,77,Content Strategist,1,12.11
756,88.11,88.47,Science,CSE,9.22,0,5,65,78,Software Developer,1,10.84
757,79.76,96.06,Science,CSE,5.54,3,3,92,88,System Analyst,1,7.75
758,75.61,73.42,Commerce,B.Com,8.85,3,1,56,45,Financial Analyst,1,11.06
759,92.91,55.27,Commerce,B.Com,7.48,0,0,61,79,Accountant,1,6.07
760,87.85,76.3,Science,EEE,9.75,0,1,64,51,Electrical Design Engineer,1,9.52
761,57.28,71.81,Science,CSE,7.58,0,0,41,92,System Analyst,0,0.0
762,64.96,90.53,Science,ECE,9.74,0,1,94,53,Embedded Engineer,1,9.51
763,61.93,54.71,Science,AIDS,8.74,0,5,61,83,Data Analyst,1,10.21
764,85.71,73.44,Science,AIML,6.57,1,0,44,94,ML Engineer,0,0.0
765,51.61,57.2,Science,AIDS,7.82,2,0,43,49,Business Analyst,0,0.0
766,77.35,65.58,Arts,BA,9.77,2,2,75,93,Content Strategist,1,11.85
767,86.6,85.39,Science,AIDS,9.19,2,0,45,59,ML Engineer,0,0.0
768,92.08,72.85,Science,AIML,5.92,3,0,91,54,ML Engineer,0,0.0
769,66.42,68.04,Science,CSE,8.54,1,2,60,70,System Analyst,1,9.35
770,89.42,68.93,Science,CSE,6.99,2,4,52,46,Software Developer,1,9.24
771,55.31,72.05,Science,AIDS,5.53,3,4,93,97,Data Analyst,0,0.0
772,90.63,87.68,Science,Mechanical,7.23,1,2,76,80,CAD Engineer,1,7.65
773,56.12,92.82,Commerce,B.Com,6.51,1,3,94,49,Investment Banker,1,11.0
774,69.07,95.86,Science,ECE,9.02,3,0,64,49,Telecom Engineer,1,10.78
775,88.27,87.77,Science,ECE,6.95,1,0,65,87,VLSI Design Engineer,1,6.28
776,57.2,65.14,Science,Mechanical,9.06,3,2,94,78,Mechanical Design Engineer,1,11.83
777,61.0,83.03,Science,EEE,5.5,2,2,78,67,Electrical Design Engineer,0,0.0
778,84.67,71.0,Science,AIDS,6.82,3,3,59,69,Data Scientist,1,11.98
779,84.56,62.22,Science,ECE,6.54,1,5,72,76,Software Developer,1,8.25
780,80.78,90.36,Science,Aerospace,6.5,2,4,53,94,Aerospace Engineer,1,8.6
781,83.31,51.84,Science,AIML,5.79,2,1,95,42,Software Developer,0,0.0
782,76.05,93.28,Commerce,B.Com,6.3,0,5,75,89,Tax Consultant,1,7.04
783,62.09,72.15,Arts,BA,7.89,0,4,56,82,Content Strategist,1,8.61
784,66.59,80.59,Commerce,BBA,6.75,1,0,60,54,Business Analyst,1,6.02
785,58.72,81.65,Commerce,BBA,7.29,3,5,85,60,Business Analyst,1,11.03
786,93.61,92.97,Science,CSE,7.12,3,2,55,91,Software Developer,1,9.31
787,78.0,80.56,Arts,BA,9.27,1,3,85,76,Public Relations Executive,1,10.8
788,69.24,79.47,Science,AIDS,9.39,2,4,55,95,Data Analyst,1,12.36
789,72.18,53.2,Arts,BA,7.62,1,3,95,51,Content Strategist,1,8.66
790,95.47,74.88,Arts,B.Com,6.92,1,4,59,43,Tax Consultant,1,8.25
791,57.36,57.21,Commerce,B.Com,5.96,2,5,68,86,Accountant,0,0.0
792,78.14,85.4,Arts,BA,9.6,3,0,67,48,Public Relations Executive,1,11.53
793,74.28,74.59,Science,AIDS,5.76,1,1,47,78,ML Engineer,0,0.0
794,79.35,82.65,Science,ECE,6.78,3,3,63,81,Telecom Engineer,1,9.36
795,50.87,52.0,Science,CSE,6.78,1,3,42,67,DevOps Engineer,0,0.0
796,91.86,54.07,Science,ECE,6.88,2,1,64,62,Embedded Engineer,1,7.59
797,94.74,84.38,Science,AIDS,6.21,2,3,58,84,Data Analyst,1,7.72
798,77.13,53.46,Science,CSE,8.87,0,3,72,79,Software Developer,1,9.38
799,83.44,53.42,Arts,BA,6.03,2,4,41,83,HR Assistant,0,0.0
800,94.28,50.58,Science,AIDS,8.23,0,4,54,61,Data Analyst,1,9.05
801,83.95,95.91,Commerce,B.Com,6.03,1,1,61,63,Accountant,0,0.0
802,57.32,85.4,Arts,B.Com,5.8,3,0,99,90,Financial Analyst,0,0.0
803,77.66,66.96,Arts,BBA,9.41,2,5,49,97,Marketing Specialist,1,12.88
804,79.12,64.23,Arts,B.Com,6.32,2,5,57,65,Investment Banker,1,11.11
805,70.36,66.79,Science,AIML,9.03,2,3,61,69,AI Engineer,1,15.68
806,85.35,87.18,Arts,B.Com,7.84,1,0,85,72,Accountant,1,7.44
807,94.85,81.75,Commerce,B.Com,5.83,0,1,88,55,Accountant,0,0.0
808,94.43,58.89,Science,AIML,9.61,1,1,66,61,Software Developer,1,10.24
809,71.64,58.36,Science,CSE,6.56,3,4,52,88,Software Developer,1,9.58
810,55.44,54.72,Commerce,B.Com,9.2,1,3,72,96,Tax Consultant,1,10.71
811,97.27,81.69,Science,ECE,6.23,3,2,44,89,Embedded Engineer,0,0.0
812,90.27,86.69,Science,AIDS,9.17,2,1,65,82,Data Analyst,1,10.57
813,55.98,62.72,Science,CSE,5.56,3,3,52,57,System Analyst,0,0.0
814,94.2,51.01,Science,ECE,7.7,3,0,66,46,Embedded Engineer,1,9.06
815,91.76,53.94,Science,AIML,8.81,0,4,96,89,Data Scientist,1,13.2
816,74.9,96.46,Commerce,B.Com,9.52,3,5,53,65,Accountant,1,13.93
817,78.38,64.18,Science,AIML,9.41,3,0,63,47,Software Developer,1,11.28
818,69.15,86.92,Science,EEE,9.02,1,1,42,45,Electrical Design Engineer,0,0.0
819,52.63,79.98,Science,EEE,9.32,2,1,86,69,Control Systems Engineer,1,10.77
820,66.09,68.33,Science,AIDS,6.36,1,0,90,78,Business Analyst,1,5.52
821,88.54,59.87,Arts,BA,6.72,1,1,88,62,HR Assistant,1,6.49
822,50.22,55.83,Science,AIML,6.74,2,3,69,71,ML Engineer,1,10.8
823,66.01,79.52,Science,EEE,7.12,2,1,74,61,Electrical Design Engineer,1,7.91
824,69.11,87.18,Science,AIML,7.19,3,4,87,81,AI Engineer,1,14.38
825,75.79,80.91,Science,CSE,7.84,3,3,53,82,Software Developer,1,10.74
826,94.15,75.45,Commerce,B.Com,6.19,0,2,51,96,Financial Analyst,1,5.4
827,66.62,52.01,Commerce,B.Com,8.47,1,1,67,84,Financial Analyst,1,8.76
828,66.65,96.49,Science,AIDS,6.22,2,1,83,48,Data Analyst,1,6.74
829,85.4,88.34,Science,EEE,6.83,3,4,68,70,Electrical Design Engineer,1,9.93
830,71.71,64.06,Science,CSE,7.66,2,4,82,46,System Analyst,1,10.11
831,60.78,97.04,Science,AIML,8.92,3,5,56,48,Data Scientist,1,17.43
832,71.72,78.89,Science,EEE,8.68,0,0,79,52,Electrical Design Engineer,1,7.63
833,56.76,77.96,Science,EEE,8.28,0,0,88,97,Electrical Design Engineer,1,7.11
834,58.47,85.91,Science,AIML,6.17,2,0,60,42,Software Developer,1,6.17
835,73.92,88.96,Science,AIDS,7.85,0,4,96,74,ML Engineer,1,10.98
836,70.11,81.51,Arts,BA,5.88,2,0,62,72,Public Relations Executive,0,0.0
837,93.91,56.15,Arts,B.Com,7.12,3,0,59,60,Investment Banker,1,12.35
838,67.39,66.24,Science,CSE,7.28,1,2,50,70,DevOps Engineer,1,7.71
839,77.87,94.55,Commerce,CSE,5.67,0,0,96,91,Software Developer,0,0.0
840,80.35,60.78,Science,ECE,6.68,3,1,96,73,VLSI Design Engineer,1,8.23
841,50.63,67.86,Science,AIDS,9.61,1,5,73,71,ML Engineer,1,16.58
842,81.85,70.74,Commerce,B.Com,9.6,1,4,49,96,Accountant,1,11.73
843,58.55,71.09,Arts,BA,7.02,1,3,49,74,Public Relations Executive,1,7.88
844,96.13,79.42,Arts,BA,5.69,3,5,82,54,Public Relations Executive,0,0.0
845,57.14,95.27,Science,CSE,6.27,3,2,99,95,Software Developer,1,8.2
846,69.9,61.55,Science,ECE,7.19,2,4,45,71,Telecom Engineer,0,0.0
847,54.1,55.83,Commerce,CSE,9.58,1,4,75,45,Web Developer,1,11.7
848,97.85,59.48,Science,AIDS,6.11,1,1,63,84,Business Analyst,1,5.69
849,74.11,92.57,Science,ECE,8.78,1,5,51,60,Embedded Engineer,1,11.16
850,78.58,81.0,Science,CSE,5.97,2,5,82,72,Software Developer,0,0.0
851,53.22,63.72,Science,AIML,9.72,1,0,94,71,ML Engineer,1,14.23
852,86.0,89.17,Science,CSE,7.14,3,1,62,91,System Analyst,1,8.83
853,60.08,91.35,Science,ECE,8.83,1,0,66,58,Embedded Engineer,1,8.73
854,93.11,90.63,Arts,B.Com,6.97,0,0,97,72,Tax Consultant,1,5.41
855,59.85,94.11,Science,ECE,8.2,3,4,96,67,Software Developer,1,11.71
856,59.15,62.11,Science,CSE,6.33,2,5,84,70,DevOps Engineer,1,8.88
857,51.75,86.24,Science,AIML,6.13,1,0,76,60,Software Developer,1,5.22
858,72.66,72.11,Science,AIDS,9.53,0,2,45,93,ML Engineer,0,0.0
859,77.11,90.42,Science,AIML,9.45,2,2,40,73,Data Scientist,0,0.0
860,53.15,84.97,Science,EEE,9.32,2,5,45,54,Power Systems Engineer,0,0.0
861,87.23,87.27,Commerce,BBA,8.19,3,2,89,53,Business Analyst,1,10.7
862,71.76,81.5,Science,ECE,8.98,2,4,61,58,Software Developer,1,11.82
863,75.17,58.52,Arts,BA,5.8,2,1,80,82,Public Relations Executive,0,0.0
864,71.16,76.16,Science,AIML,6.94,2,3,63,54,AI Engineer,1,12.96
865,69.24,97.26,Science,CSE,6.85,2,0,64,45,Web Developer,1,7.06
866,76.86,94.99,Science,AIML,8.23,1,3,54,91,Software Developer,1,9.45
867,57.45,52.07,Science,AIML,7.03,1,1,65,48,Software Developer,1,6.89
868,58.73,57.91,Commerce,BBA,6.14,1,1,47,76,Business Analyst,0,0.0
869,91.37,56.32,Science,ECE,8.06,1,4,90,59,Telecom Engineer,1,9.73
870,95.41,84.85,Science,CSE,9.0,0,2,63,73,Software Developer,1,9.05
871,67.92,89.25,Commerce,B.Com,7.14,1,2,87,77,Financial Analyst,1,7.53
872,63.0,60.25,Arts,BA,6.07,2,1,77,65,Content Strategist,1,6.54
873,80.91,74.28,Commerce,B.Com,6.35,1,4,45,57,Financial Analyst,0,0.0
874,69.62,90.35,Science,EEE,6.52,1,4,93,67,Control Systems Engineer,1,7.73
875,51.22,85.17,Commerce,B.Com,6.79,3,5,74,94,Tax Consultant,1,10.38
876,57.5,76.03,Science,AIML,8.26,2,0,81,90,Data Scientist,1,12.25
877,84.37,78.34,Science,CSE,8.08,1,2,40,48,Web Developer,0,0.0
878,81.63,74.4,Science,Aerospace,8.49,1,1,99,71,Structural Analyst,1,8.79
879,51.3,64.28,Science,AIDS,7.06,1,5,85,98,Business Analyst,1,8.93
880,60.65,77.12,Science,CSE,9.04,0,3,75,92,DevOps Engineer,1,9.6
881,61.09,83.07,Science,AIDS,6.38,1,2,97,95,ML Engineer,1,9.43
882,82.25,91.92,Commerce,BBA,7.52,3,0,51,98,HR Executive,1,8.83
883,50.95,80.54,Science,Civil,8.94,2,4,77,45,Site Engineer,1,11.77
884,55.0,86.53,Science,CSE,6.27,2,1,50,53,DevOps Engineer,1,6.8
885,88.4,57.68,Science,Aerospace,5.97,1,2,51,67,Structural Analyst,0,0.0
886,58.57,72.15,Arts,B.Com,9.3,1,3,81,97,Tax Consultant,1,10.84
887,81.33,50.45,Science,Mechanical,6.97,1,0,89,63,Mechanical Design Engineer,0,0.0
888,61.43,61.84,Science,ECE,8.44,2,0,78,52,Embedded Engineer,1,9.12
889,54.77,84.87,Commerce,BBA,5.61,2,5,46,82,Business Analyst,0,0.0
890,61.67,97.61,Commerce,B.Com,8.47,0,2,50,51,Accountant,1,8.36
891,84.67,54.76,Science,EEE,6.86,3,3,75,90,Electrical Design Engineer,1,9.47
892,91.07,69.27,Science,AIDS,5.74,0,0,91,58,Business Analyst,1,3.81
893,89.85,88.4,Commerce,BBA,8.12,3,1,70,60,HR Executive,1,10.11
894,69.06,59.79,Science,AIML,6.54,0,0,72,66,ML Engineer,0,0.0
895,82.07,76.64,Science,ECE,7.16,2,3,52,97,VLSI Design Engineer,1,8.96
896,59.84,85.19,Commerce,BBA,5.85,0,4,57,58,Marketing Specialist,1,5.96
897,64.07,79.57,Science,CSE,6.13,3,4,80,63,Software Developer,1,9.02
898,93.02,59.03,Science,EEE,6.78,1,5,97,65,Electrical Design Engineer,1,8.56
899,50.62,67.06,Science,AIDS,5.89,3,2,95,84,ML Engineer,0,0.0
900,54.1,87.62,Science,EEE,9.42,1,3,63,67,Control Systems Engineer,1,11.0
901,59.98,76.6,Science,AIML,5.53,2,5,48,85,ML Engineer,0,0.0
902,51.27,50.25,Commerce,B.Com,7.58,3,0,70,95,Accountant,1,8.9
903,58.71,86.53,Science,Mechanical,6.03,0,0,94,57,Mechanical Design Engineer,0,0.0
904,77.99,51.69,Science,AIML,6.82,3,4,80,83,AI Engineer,1,11.93
905,70.23,85.8,Science,EEE,9.48,1,5,49,75,Power Systems Engineer,1,12.07
906,92.85,59.72,Science,AIDS,6.2,2,4,99,81,ML Engineer,1,10.36
907,89.24,95.99,Arts,BA,9.65,0,1,41,68,HR Assistant,0,0.0
908,66.41,67.66,Science,AIML,6.38,3,4,77,56,Software Developer,1,9.34
909,62.45,65.69,Science,AIDS,8.69,1,1,54,43,ML Engineer,1,12.12
910,68.23,57.15,Science,AIML,7.85,0,0,42,83,AI Engineer,0,0.0
911,78.33,64.67,Science,CSE,9.3,2,5,82,84,System Analyst,1,12.74
912,62.87,92.08,Science,AIML,7.88,0,1,70,98,Software Developer,1,7.09
913,79.96,97.82,Commerce,B.Com,7.8,2,5,45,68,Accountant,0,0.0
914,69.65,67.68,Arts,B.Com,6.34,0,5,42,43,Investment Banker,0,0.0
915,76.5,71.53,Science,Civil,6.21,3,1,95,49,Structural Engineer,1,7.62
916,70.93,84.66,Science,AIML,9.44,1,2,50,64,ML Engineer,1,13.52
917,64.13,92.54,Commerce,BBA,6.91,3,4,54,70,HR Executive,1,10.03
918,95.53,78.47,Commerce,B.Com,7.1,3,1,84,42,Investment Banker,1,11.24
919,86.65,68.79,Science,ECE,8.77,2,0,91,86,Software Developer,1,9.55
920,56.73,69.81,Science,EEE,6.96,2,5,67,41,Electrical Design Engineer,1,9.7
921,91.69,83.39,Science,Mechanical,9.59,2,3,49,96,Mechanical Design Engineer,1,12.12
922,73.4,50.15,Commerce,B.Com,8.67,3,1,77,64,Tax Consultant,1,10.82
923,92.94,79.74,Commerce,BBA,8.07,0,4,86,88,Marketing Specialist,1,8.84
924,88.39,67.06,Science,AIML,9.29,0,5,96,45,Data Scientist,1,13.92
925,70.41,88.12,Science,Civil,5.71,3,2,89,65,Site Engineer,0,0.0
926,51.08,54.46,Arts,BA,6.61,3,0,89,47,Public Relations Executive,1,7.64
927,62.9,78.23,Commerce,BBA,7.5,1,2,46,74,Business Analyst,0,0.0
928,76.0,73.09,Arts,BBA,6.48,2,3,54,66,HR Executive,1,8.07
929,80.41,80.83,Commerce,BBA,8.7,2,1,57,64,HR Executive,1,9.96
930,62.38,53.11,Science,CSE,9.45,3,5,57,57,System Analyst,1,13.83
931,56.69,77.84,Science,Mechanical,7.32,3,1,91,93,Production Engineer,1,9.07
932,90.08,76.95,Science,CSE,6.97,0,4,80,40,Web Developer,1,7.41
933,97.25,76.91,Science,ECE,9.63,3,1,63,87,Embedded Engineer,1,12.07
934,75.23,78.97,Science,CSE,7.41,0,0,41,78,Software Developer,0,0.0
935,58.24,82.47,Commerce,B.Com,7.6,3,3,79,42,Accountant,1,10.43
936,63.07,88.64,Science,AIDS,7.01,1,2,59,94,ML Engineer,1,9.8
937,50.88,62.95,Commerce,B.Com,9.41,1,3,73,43,Tax Consultant,1,10.98
938,93.89,89.6,Science,CSE,7.95,0,5,82,80,System Analyst,1,9.18
939,55.65,73.92,Arts,BA,8.78,2,1,65,76,HR Assistant,1,10.06
940,77.67,53.7,Science,AIML,8.99,1,5,46,90,Software Developer,0,0.0
941,63.15,52.81,Science,EEE,6.97,0,2,77,54,Power Systems Engineer,1,6.41
942,76.6,66.04,Science,Aerospace,7.36,3,5,69,47,Avionics Engineer,1,11.12
943,81.27,87.68,Science,CSE,9.15,3,4,81,77,DevOps Engineer,1,12.94
944,89.83,83.97,Commerce,B.Com,7.06,0,3,44,89,Investment Banker,0,0.0
945,59.91,87.85,Commerce,B.Com,8.91,2,2,50,58,Tax Consultant,1,10.73
946,50.53,74.83,Science,CSE,9.55,0,2,40,95,System Analyst,0,0.0
947,56.57,71.13,Science,ECE,8.18,0,2,73,86,VLSI Design Engineer,1,7.98
948,93.2,57.08,Science,ECE,8.69,1,0,95,65,Embedded Engineer,1,8.55
949,91.95,65.75,Science,CSE,8.96,0,3,40,78,Web Developer,0,0.0
950,78.68,70.83,Arts,BA,9.13,0,5,58,49,Content Strategist,1,10.72
951,78.82,54.25,Commerce,B.Com,7.2,3,2,41,77,Investment Banker,0,0.0
952,81.92,60.59,Science,EEE,5.72,1,3,60,53,Power Systems Engineer,0,0.0
953,58.42,78.71,Commerce,CSE,7.23,3,2,59,88,Web Developer,1,9.45
954,93.89,85.31,Science,CSE,8.4,3,4,62,80,Web Developer,1,11.97
955,70.1,97.92,Arts,BA,7.44,2,4,60,58,Content Strategist,1,9.82
956,68.39,94.79,Science,Aerospace,8.72,2,4,63,69,Aerospace Engineer,1,11.49
957,74.91,80.84,Commerce,CSE,7.04,1,1,43,44,System Analyst,0,0.0
958,52.25,70.22,Commerce,B.Com,8.23,1,2,51,94,Financial Analyst,1,8.95
959,57.98,80.54,Science,CSE,6.3,2,1,61,70,System Analyst,1,6.84
960,85.43,87.71,Commerce,B.Com,8.72,2,3,59,46,Financial Analyst,1,10.99
961,53.97,55.68,Science,AIDS,7.85,2,1,57,58,ML Engineer,1,12.98
962,78.95,69.68,Science,AIML,6.38,2,3,40,70,Software Developer,0,0.0
963,61.78,90.31,Science,CSE,6.76,2,3,69,91,Web Developer,1,8.44
964,68.69,68.42,Arts,BA,8.72,3,3,72,97,Content Strategist,1,11.89
965,63.86,77.45,Commerce,B.Com,7.58,1,5,63,78,Accountant,1,9.6
966,67.07,78.21,Commerce,BBA,6.43,3,1,53,63,Business Analyst,1,7.91
967,84.51,58.85,Commerce,B.Com,9.66,3,5,75,73,Accountant,1,14.11
968,64.26,67.39,Science,CSE,8.58,0,2,44,96,Web Developer,0,0.0
969,77.19,66.06,Arts,BA,9.62,3,1,50,62,Content Strategist,1,12.06
970,72.85,51.26,Science,AIML,7.34,2,2,63,87,AI Engineer,1,11.44
971,81.86,51.16,Science,Civil,7.54,2,2,99,84,Site Engineer,1,8.95
972,94.97,89.92,Science,AIDS,9.36,0,3,70,79,Data Scientist,1,13.51
973,85.16,63.11,Commerce,B.Com,7.76,0,1,94,45,Accountant,1,6.94
974,60.32,74.87,Commerce,BBA,8.54,0,2,52,77,Marketing Specialist,1,8.45
975,51.5,64.34,Science,AIML,6.58,0,4,55,80,Software Developer,1,6.9
976,62.59,95.15,Science,Mechanical,7.42,0,2,63,75,Mechanical Design Engineer,1,7.0
977,78.56,62.45,Commerce,B.Com,6.03,3,4,52,66,Tax Consultant,1,8.89
978,52.47,70.62,Science,AIDS,6.39,0,1,63,50,ML Engineer,1,8.41
979,73.83,91.89,Commerce,B.Com,5.5,3,5,93,44,Investment Banker,0,0.0
980,78.65,90.41,Arts,BA,5.67,1,1,65,96,Content Strategist,0,0.0
981,66.04,58.93,Science,EEE,9.7,0,5,41,56,Power Systems Engineer,0,0.0
982,87.0,88.53,Science,EEE,6.54,0,5,55,91,Electrical Design Engineer,1,7.35
983,55.12,71.99,Commerce,B.Com,8.35,3,1,77,46,Financial Analyst,1,10.4
984,53.61,73.18,Commerce,B.Com,9.11,1,2,85,66,Accountant,1,10.09
985,84.95,56.41,Science,EEE,7.87,3,0,40,86,Control Systems Engineer,0,0.0
986,73.78,53.87,Arts,B.Com,6.16,3,2,88,96,Tax Consultant,1,8.06
987,83.04,84.94,Science,CSE,8.63,0,2,50,54,DevOps Engineer,1,8.57
988,70.87,73.83,Science,AIDS,8.08,2,3,90,85,Data Analyst,1,10.15
989,61.83,70.97,Commerce,B.Com,8.64,2,3,74,52,Financial Analyst,1,10.88
990,89.32,85.02,Commerce,BBA,8.81,3,2,82,50,Marketing Specialist,1,11.5
991,88.37,86.74,Science,CSE,9.69,0,4,68,99,DevOps Engineer,1,10.95
992,83.35,57.63,Commerce,B.Com,7.97,1,5,76,84,Accountant,1,10.11
993,63.06,79.29,Science,EEE,6.97,2,3,56,65,Control Systems Engineer,1,8.71
994,78.33,56.5,Science,CSE,8.29,1,2,97,61,Software Developer,1,9.03
995,67.33,86.07,Science,AIDS,5.79,2,0,93,67,Data Scientist,0,0.0
996,54.4,81.53,Commerce,B.Com,9.36,0,4,78,63,Financial Analyst,1,10.52
997,94.03,95.92,Science,AIML,6.01,3,1,81,68,AI Engineer,1,9.49
998,56.57,53.31,Science,AIML,6.91,1,2,67,48,Software Developer,1,7.23
999,95.61,52.74,Science,AIDS,9.01,1,2,68,81,Data Analyst,1,9.96
1000,71.41,63.54,Commerce,B.Com,8.07,3,5,82,43,Accountant,1,12.04
